Arizona,Ark Little Rock,0.872081803564
Arizona,Austin Peay,0.969543314836
Arizona,Baylor,0.449974270522
Arizona,Buffalo,0.87788086601
Arizona,Butler,0.517111880118
Arizona,California,0.6311304356
Arizona,Chattanooga,0.865405356149
Arizona,Cincinnati,0.553297976189
Arizona,Colorado,0.676738495489
Arizona,Connecticut,0.578682671962
Arizona,CS Bakersfield,0.932315697437
Arizona,Dayton,0.656273816187
Arizona,Duke,0.406716190229
Arizona,F Dickinson,0.971672955319
Arizona,FL Gulf Coast,0.946122388101
Arizona,Fresno St,0.735759092481
Arizona,Gonzaga,0.549137802445
Arizona,Hampton,0.961248398992
Arizona,Hawaii,0.775078442637
Arizona,Holy Cross,0.968395898133
Arizona,Indiana,0.466497200647
Arizona,Iona,0.82864093537
Arizona,Iowa,0.586108595183
Arizona,Iowa St,0.55003833303
Arizona,Kansas,0.32239112866
Arizona,Kentucky,0.381402627178
Arizona,Maryland,0.493271794789
Arizona,Miami FL,0.490386997359
Arizona,Michigan,0.668476044725
Arizona,Michigan St,0.317052340942
Arizona,MTSU,0.872464721192
Arizona,North Carolina,0.330261810083
Arizona,Northern Iowa,0.75778089479
Arizona,Notre Dame,0.550418499487
Arizona,Oklahoma,0.471720342012
Arizona,Oregon,0.420589334899
Arizona,Oregon St,0.762672317473
Arizona,Pittsburgh,0.577900423957
Arizona,Providence,0.585332157884
Arizona,Purdue,0.451471639578
Arizona,S Dakota St,0.826945351903
Arizona,Seton Hall,0.577509763204
Arizona,SF Austin,0.716979394054
Arizona,Southern Univ,0.977794319938
Arizona,St Joseph's PA,0.709872077802
Arizona,Stony Brook,0.863275586814
Arizona,Syracuse,0.652085698783
Arizona,Temple,0.729092276393
Arizona,Texas,0.613471745233
Arizona,Texas A&M,0.527818809239
Arizona,Texas Tech,0.739434707344
Arizona,Tulsa,0.754915483898
Arizona,UNC Asheville,0.951335817893
Arizona,UNC Wilmington,0.814889506772
Arizona,USC,0.755255126065
Arizona,Utah,0.536831718105
Arizona,VA Commonwealth,0.656238726241
Arizona,Vanderbilt,0.688049276553
Arizona,Villanova,0.323564836532
Arizona,Virginia,0.356245166963
Arizona,Weber St,0.913418114783
Arizona,West Virginia,0.350438393184
Arizona,WI Green Bay,0.841215456858
Arizona,Wichita St,0.602213015278
Arizona,Wisconsin,0.575335123838
Arizona,Xavier,0.431563856359
Arizona,Yale,0.847151450834
Ark Little Rock,Austin Peay,0.827178235503
Ark Little Rock,Baylor,0.109531563648
Ark Little Rock,Buffalo,0.519428606975
Ark Little Rock,Butler,0.138681313283
Ark Little Rock,California,0.204615866173
Ark Little Rock,Chattanooga,0.491543344038
Ark Little Rock,Cincinnati,0.156995479257
Ark Little Rock,Colorado,0.239406351345
Ark Little Rock,Connecticut,0.171165116371
Ark Little Rock,CS Bakersfield,0.674378740985
Ark Little Rock,Dayton,0.223041774412
Ark Little Rock,Duke,0.0934417103275
Ark Little Rock,F Dickinson,0.83759507797
Ark Little Rock,FL Gulf Coast,0.725298185763
Ark Little Rock,Fresno St,0.295104774597
Ark Little Rock,Gonzaga,0.154782567194
Ark Little Rock,Hampton,0.788565554394
Ark Little Rock,Hawaii,0.341290699327
Ark Little Rock,Holy Cross,0.821653989682
Ark Little Rock,Indiana,0.116194393486
Ark Little Rock,Iona,0.420984200513
Ark Little Rock,Iowa,0.175540420006
Ark Little Rock,Iowa St,0.155259093828
Ark Little Rock,Kansas,0.066759583711
Ark Little Rock,Kentucky,0.0848378655067
Ark Little Rock,Maryland,0.127674933108
Ark Little Rock,Miami FL,0.126394935019
Ark Little Rock,Michigan,0.232640732956
Ark Little Rock,Michigan St,0.0652464305082
Ark Little Rock,MTSU,0.507041772551
Ark Little Rock,North Carolina,0.0690251447033
Ark Little Rock,Northern Iowa,0.319904945811
Ark Little Rock,Notre Dame,0.155460674705
Ark Little Rock,Oklahoma,0.118365557199
Ark Little Rock,Oregon,0.0984013599485
Ark Little Rock,Oregon St,0.325771340873
Ark Little Rock,Pittsburgh,0.17071053621
Ark Little Rock,Providence,0.17507780676
Ark Little Rock,Purdue,0.110122868469
Ark Little Rock,S Dakota St,0.418087571001
Ark Little Rock,Seton Hall,0.170483959531
Ark Little Rock,SF Austin,0.275831715347
Ark Little Rock,Southern Univ,0.86877730476
Ark Little Rock,St Joseph's PA,0.268941932839
Ark Little Rock,Stony Brook,0.487004531233
Ark Little Rock,Syracuse,0.219850047045
Ark Little Rock,Temple,0.288077769957
Ark Little Rock,Texas,0.19265796407
Ark Little Rock,Texas A&M,0.143887509214
Ark Little Rock,Texas Tech,0.299070552024
Ark Little Rock,Tulsa,0.316531553855
Ark Little Rock,UNC Asheville,0.74614630409
Ark Little Rock,UNC Wilmington,0.398274325948
Ark Little Rock,USC,0.316929013018
Ark Little Rock,Utah,0.148405002364
Ark Little Rock,VA Commonwealth,0.223014819394
Ark Little Rock,Vanderbilt,0.24903884777
Ark Little Rock,Villanova,0.0670947820833
Ark Little Rock,Virginia,0.0768129205418
Ark Little Rock,Weber St,0.613332694606
Ark Little Rock,West Virginia,0.075030018448
Ark Little Rock,WI Green Bay,0.443378755399
Ark Little Rock,Wichita St,0.185417501553
Ark Little Rock,Wisconsin,0.16922808312
Ark Little Rock,Xavier,0.102455537125
Ark Little Rock,Yale,0.454543779518
Austin Peay,Baylor,0.0249420238106
Austin Peay,Buffalo,0.183523654593
Austin Peay,Butler,0.032398947409
Austin Peay,California,0.0507818933957
Austin Peay,Chattanooga,0.167390156853
Austin Peay,Cincinnati,0.0372851096855
Austin Peay,Colorado,0.0614365877051
Austin Peay,Connecticut,0.0411780429235
Austin Peay,CS Bakersfield,0.301039869206
Austin Peay,Dayton,0.0563360507841
Austin Peay,Duke,0.0209852796032
Austin Peay,F Dickinson,0.517501371485
Austin Peay,FL Gulf Coast,0.35445551149
Austin Peay,Fresno St,0.0800898653285
Austin Peay,Gonzaga,0.0366861304023
Austin Peay,Hampton,0.436812784974
Austin Peay,Hawaii,0.0972680003723
Austin Peay,Holy Cross,0.489298103931
Austin Peay,Indiana,0.0266130370732
Austin Peay,Iona,0.131342282106
Austin Peay,Iowa,0.0424006112245
Austin Peay,Iowa St,0.0368149118387
Austin Peay,Kansas,0.0146584273976
Austin Peay,Kentucky,0.0189138238377
Austin Peay,Maryland,0.0295383450479
Austin Peay,Miami FL,0.0292092659329
Austin Peay,Michigan,0.0593082157628
Austin Peay,Michigan St,0.014308078523
Austin Peay,MTSU,0.176210026036
Austin Peay,North Carolina,0.0151846462202
Austin Peay,Northern Iowa,0.0891046400781
Austin Peay,Notre Dame,0.0368694224863
Austin Peay,Oklahoma,0.0271617610307
Austin Peay,Oregon,0.0221932735276
Austin Peay,Oregon St,0.0913068601303
Austin Peay,Pittsburgh,0.0410515838434
Austin Peay,Providence,0.0422708805271
Austin Peay,Purdue,0.0250895395993
Austin Peay,S Dakota St,0.129991150202
Austin Peay,Seton Hall,0.0409885920775
Austin Peay,SF Austin,0.0733970916065
Austin Peay,Southern Univ,0.579271374459
Austin Peay,St Joseph's PA,0.0710675395015
Austin Peay,Stony Brook,0.164873935303
Austin Peay,Syracuse,0.0553599059432
Austin Peay,Temple,0.0776189983661
Austin Peay,Texas,0.0472797622783
Austin Peay,Texas A&M,0.0337716687884
Austin Peay,Texas Tech,0.0815002396907
Austin Peay,Tulsa,0.0878506512885
Austin Peay,UNC Asheville,0.379364998272
Austin Peay,UNC Wilmington,0.120992106234
Austin Peay,USC,0.0879979335599
Austin Peay,Utah,0.0349731948749
Austin Peay,VA Commonwealth,0.0563277818744
Austin Peay,Vanderbilt,0.0645158680429
Austin Peay,Villanova,0.0147361577586
Austin Peay,Virginia,0.0170088388206
Austin Peay,Weber St,0.248045228077
Austin Peay,West Virginia,0.0165891037477
Austin Peay,WI Green Bay,0.1421107188
Austin Peay,Wichita St,0.0451970306447
Austin Peay,Wisconsin,0.0406399127338
Austin Peay,Xavier,0.0231883989617
Austin Peay,Yale,0.147702407489
Baylor,Buffalo,0.893882767503
Baylor,Butler,0.55650524655
Baylor,California,0.66720836613
Baylor,Chattanooga,0.882823790561
Baylor,Cincinnati,0.59206807195
Baylor,Colorado,0.710402500527
Baylor,Connecticut,0.616775549634
Baylor,CS Bakersfield,0.941658750524
Baylor,Dayton,0.691096194527
Baylor,Duke,0.445457674384
Baylor,F Dickinson,0.97572464199
Baylor,FL Gulf Coast,0.953654324287
Baylor,Fresno St,0.765407408107
Baylor,Gonzaga,0.588000105995
Baylor,Hampton,0.966740097593
Baylor,Hawaii,0.801505254165
Baylor,Holy Cross,0.972903239117
Baylor,Indiana,0.506075717329
Baylor,Iona,0.849992489057
Baylor,Iowa,0.623966353189
Baylor,Iowa St,0.588881127333
Baylor,Kansas,0.357946436052
Baylor,Kentucky,0.419437564604
Baylor,Maryland,0.532853077927
Baylor,Miami FL,0.529978901849
Baylor,Michigan,0.702622388725
Baylor,Michigan St,0.352324999333
Baylor,MTSU,0.889086662444
Baylor,North Carolina,0.366216016752
Baylor,Northern Iowa,0.785678077221
Baylor,Notre Dame,0.589252983047
Baylor,Oklahoma,0.511317286558
Baylor,Oregon,0.459628522154
Baylor,Oregon St,0.790162139419
Baylor,Pittsburgh,0.616017097625
Baylor,Providence,0.623215279762
Baylor,Purdue,0.490948473298
Baylor,S Dakota St,0.848469542926
Baylor,Seton Hall,0.615638251351
Baylor,SF Austin,0.748013169428
Baylor,Southern Univ,0.980987584497
Baylor,St Joseph's PA,0.741404099947
Baylor,Stony Brook,0.880931721318
Baylor,Syracuse,0.687130093402
Baylor,Temple,0.759243849907
Baylor,Texas,0.650319887111
Baylor,Texas A&M,0.567069983552
Baylor,Texas Tech,0.768800205295
Baylor,Tulsa,0.78304820122
Baylor,UNC Asheville,0.958171153335
Baylor,UNC Wilmington,0.837618737311
Baylor,USC,0.783360044737
Baylor,Utah,0.575935616846
Baylor,VA Commonwealth,0.691062986038
Baylor,Vanderbilt,0.721020966136
Baylor,Villanova,0.359180973305
Baylor,Virginia,0.39336665314
Baylor,Weber St,0.925160366037
Baylor,West Virginia,0.387318850114
Baylor,WI Green Bay,0.861262535387
Baylor,Wichita St,0.639503753319
Baylor,Wisconsin,0.613528532396
Baylor,Xavier,0.47079400171
Baylor,Yale,0.866567964943
Buffalo,Butler,0.125699183064
Buffalo,California,0.186800131451
Buffalo,Chattanooga,0.463296949932
Buffalo,Cincinnati,0.142582741013
Buffalo,Colorado,0.219396999764
Buffalo,Connecticut,0.155691800262
Buffalo,CS Bakersfield,0.649037258589
Buffalo,Dayton,0.204033256096
Buffalo,Duke,0.0842801267105
Buffalo,F Dickinson,0.821595559682
Buffalo,FL Gulf Coast,0.702169388142
Buffalo,Fresno St,0.272105627597
Buffalo,Gonzaga,0.140539113976
Buffalo,Hampton,0.769067563096
Buffalo,Hawaii,0.316307240432
Buffalo,Holy Cross,0.804450662524
Buffalo,Indiana,0.105060528055
Buffalo,Iona,0.39365329965
Buffalo,Iowa,0.159747809753
Buffalo,Iowa St,0.140979103716
Buffalo,Kansas,0.0600408141263
Buffalo,Kentucky,0.0764487170393
Buffalo,Maryland,0.115584859671
Buffalo,Miami FL,0.114410172818
Buffalo,Michigan,0.213038461639
Buffalo,Michigan St,0.0586703727905
Buffalo,MTSU,0.47874333259
Buffalo,North Carolina,0.0620935368425
Buffalo,Northern Iowa,0.295784020659
Buffalo,Notre Dame,0.141165242453
Buffalo,Oklahoma,0.107048847372
Buffalo,Oregon,0.0888011351667
Buffalo,Oregon St,0.301404118447
Buffalo,Pittsburgh,0.155270615731
Buffalo,Providence,0.159318773289
Buffalo,Purdue,0.0995052817596
Buffalo,S Dakota St,0.390817793285
Buffalo,Seton Hall,0.155060700052
Buffalo,SF Austin,0.253793817043
Buffalo,Southern Univ,0.855319111326
Buffalo,St Joseph's PA,0.247266545287
Buffalo,Stony Brook,0.458783617762
Buffalo,Syracuse,0.201043155695
Buffalo,Temple,0.265420063823
Buffalo,Texas,0.17565346213
Buffalo,Texas A&M,0.130491856503
Buffalo,Texas Tech,0.275883296434
Buffalo,Tulsa,0.292555568001
Buffalo,UNC Asheville,0.724105128689
Buffalo,UNC Wilmington,0.371471897652
Buffalo,USC,0.292935824694
Buffalo,Utah,0.134654929634
Buffalo,VA Commonwealth,0.204007995107
Buffalo,Vanderbilt,0.228466248873
Buffalo,Villanova,0.0603444590398
Buffalo,Virginia,0.0691573478602
Buffalo,Weber St,0.586155780576
Buffalo,West Virginia,0.0675391392033
Buffalo,WI Green Bay,0.415637618102
Buffalo,Wichita St,0.168918352421
Buffalo,Wisconsin,0.153897360852
Buffalo,Xavier,0.0925003591756
Buffalo,Yale,0.426639513066
Butler,California,0.603390836386
Butler,Chattanooga,0.85112788647
Butler,Cincinnati,0.52411859121
Butler,Colorado,0.65052954303
Butler,Connecticut,0.549812297338
Butler,CS Bakersfield,0.924516831956
Butler,Dayton,0.629314492181
Butler,Duke,0.378713369335
Butler,F Dickinson,0.968254582101
Butler,FL Gulf Coast,0.939811683868
Butler,Fresno St,0.712301022954
Butler,Gonzaga,0.519922455545
Butler,Hampton,0.956628191564
Butler,Hawaii,0.7539436203
Butler,Holy Cross,0.964596474044
Butler,Indiana,0.437413005933
Butler,Iona,0.811313884903
Butler,Iowa,0.557357845394
Butler,Iowa St,0.520830421202
Butler,Kansas,0.29728494783
Butler,Kentucky,0.354102439141
Butler,Maryland,0.463970037759
Butler,Miami FL,0.461100670638
Butler,Michigan,0.64195162647
Butler,Michigan St,0.29218264446
Butler,MTSU,0.858813922534
Butler,North Carolina,0.304818423017
Butler,Northern Iowa,0.735575212083
Butler,Notre Dame,0.521213784371
Butler,Oklahoma,0.44258064988
Butler,Oregon,0.392262872633
Butler,Oregon St,0.740761653439
Butler,Pittsburgh,0.549018220525
Butler,Providence,0.556568278702
Butler,Purdue,0.422582211319
Butler,S Dakota St,0.809486269921
Butler,Seton Hall,0.548621707443
Butler,SF Austin,0.692550807173
Butler,Southern Univ,0.975095710883
Butler,St Joseph's PA,0.685099465533
Butler,Stony Brook,0.848811665303
Butler,Syracuse,0.62498559599
Butler,Temple,0.705279433033
Butler,Texas,0.58527680318
Butler,Texas A&M,0.498483662749
Butler,Texas Tech,0.716177068253
Butler,Tulsa,0.732539828465
Butler,UNC Asheville,0.945600653892
Butler,UNC Wilmington,0.796513430286
Butler,USC,0.732899507891
Butler,Utah,0.507534076218
Butler,VA Commonwealth,0.629278204724
Butler,Vanderbilt,0.662299750636
Butler,Villanova,0.298407505376
Butler,Virginia,0.329785706736
Butler,Weber St,0.903666781397
Butler,West Virginia,0.324193025368
Butler,WI Green Bay,0.824891195446
Butler,Wichita St,0.573767415275
Butler,Wisconsin,0.546415160913
Butler,Xavier,0.403012370751
Butler,Yale,0.831315081239
California,Chattanooga,0.793620979759
California,Cincinnati,0.425549208074
California,Colorado,0.555960700275
California,Connecticut,0.450990166592
California,CS Bakersfield,0.891753471388
California,Dayton,0.533124899177
California,Duke,0.290780569056
California,F Dickinson,0.95352111771
California,FL Gulf Coast,0.91306275867
California,Fresno St,0.624807118068
California,Gonzaga,0.421443347079
California,Hampton,0.936850690098
California,Hawaii,0.673305514981
California,Holy Cross,0.948255963813
California,Indiana,0.343383760035
California,Iona,0.743070080273
California,Iowa,0.458560939597
California,Iowa St,0.422330625981
California,Kansas,0.221517740174
California,Kentucky,0.269406108337
California,Maryland,0.367965864641
California,Miami FL,0.365285620171
California,Michigan,0.546679098637
California,Michigan St,0.21731368505
California,MTSU,0.8035908735
California,North Carolina,0.227753489582
California,Northern Iowa,0.651698328637
California,Notre Dame,0.42270544571
California,Oklahoma,0.348127937983
California,Oregon,0.30271691728
California,Oregon St,0.65776450182
California,Pittsburgh,0.45019608712
California,Providence,0.457766590741
California,Purdue,0.32987174084
California,S Dakota St,0.740792641967
California,Seton Hall,0.449799761103
California,SF Austin,0.602403211326
California,Southern Univ,0.963417343771
California,St Joseph's PA,0.594047725714
California,Stony Brook,0.790630132454
California,Syracuse,0.528514282712
California,Temple,0.616798932489
California,Texas,0.486975560672
California,Texas A&M,0.400676172511
California,Texas Tech,0.629248384373
California,Tulsa,0.648160649842
California,UNC Asheville,0.921208774782
California,UNC Wilmington,0.724732812966
California,USC,0.648579365869
California,Utah,0.409400419592
California,VA Commonwealth,0.533086181761
California,Vanderbilt,0.56880480171
California,Villanova,0.222444763201
California,Virginia,0.248666389357
California,Weber St,0.863192669524
California,West Virginia,0.24394864982
California,WI Green Bay,0.760106015945
California,Wichita St,0.475184355202
California,Wisconsin,0.447596544582
California,Xavier,0.312273401897
California,Yale,0.768238809888
Chattanooga,Cincinnati,0.168219034225
Chattanooga,Colorado,0.254741116954
Chattanooga,Connecticut,0.183181536901
Chattanooga,CS Bakersfield,0.69221817823
Chattanooga,Dayton,0.237655858163
Chattanooga,Duke,0.100664365713
Chattanooga,F Dickinson,0.848501370302
Chattanooga,FL Gulf Coast,0.741417621322
Chattanooga,Fresno St,0.312541190945
Chattanooga,Gonzaga,0.165879051089
Chattanooga,Hampton,0.80198603115
Chattanooga,Hawaii,0.360062096573
Chattanooga,Holy Cross,0.833417897701
Chattanooga,Indiana,0.124933370736
Chattanooga,Iona,0.441202946567
Chattanooga,Iowa,0.187794407194
Chattanooga,Iowa St,0.166383015312
Chattanooga,Kansas,0.0720838121909
Chattanooga,Kentucky,0.09146257545
Chattanooga,Maryland,0.137143376548
Chattanooga,Miami FL,0.135783228862
Chattanooga,Michigan,0.247683259834
Chattanooga,Michigan St,0.0704590926541
Chattanooga,MTSU,0.527627338353
Chattanooga,North Carolina,0.0745156299317
Chattanooga,Northern Iowa,0.338103845264
Chattanooga,Notre Dame,0.166596190609
Chattanooga,Oklahoma,0.127244317775
Chattanooga,Oregon,0.105962566757
Chattanooga,Oregon St,0.344135099598
Chattanooga,Pittsburgh,0.182702078245
Chattanooga,Providence,0.187306836938
Chattanooga,Purdue,0.11846641498
Chattanooga,S Dakota St,0.438272501332
Chattanooga,Seton Hall,0.182463087573
Chattanooga,SF Austin,0.292602071922
Chattanooga,Southern Univ,0.877894827239
Chattanooga,St Joseph's PA,0.285458518753
Chattanooga,Stony Brook,0.50761428303
Chattanooga,Syracuse,0.23431807277
Chattanooga,Temple,0.305278806071
Chattanooga,Texas,0.205808591209
Chattanooga,Texas A&M,0.15434555036
Chattanooga,Texas Tech,0.316636032784
Chattanooga,Tulsa,0.334632971911
Chattanooga,UNC Asheville,0.761444748961
Chattanooga,UNC Wilmington,0.418190123976
Chattanooga,USC,0.335042018334
Chattanooga,Utah,0.159130353733
Chattanooga,VA Commonwealth,0.237627677168
Chattanooga,Vanderbilt,0.264775820518
Chattanooga,Villanova,0.0724436682337
Chattanooga,Virginia,0.082867731178
Chattanooga,Weber St,0.632695008622
Chattanooga,West Virginia,0.0809566152137
Chattanooga,WI Green Bay,0.463811499165
Chattanooga,Wichita St,0.198195230556
Chattanooga,Wisconsin,0.181138236125
Chattanooga,Xavier,0.110290160806
Chattanooga,Yale,0.475051924533
Cincinnati,Colorado,0.633384571069
Cincinnati,Connecticut,0.531286321484
Cincinnati,CS Bakersfield,0.919142902161
Cincinnati,Dayton,0.611749889186
Cincinnati,Duke,0.361325382195
Cincinnati,F Dickinson,0.965879586184
Cincinnati,FL Gulf Coast,0.935450625548
Cincinnati,Fresno St,0.69677396885
Cincinnati,Gonzaga,0.501282173293
Cincinnati,Hampton,0.953425220625
Cincinnati,Hawaii,0.739843165287
Cincinnati,Holy Cross,0.961958553507
Cincinnati,Indiana,0.419148157178
Cincinnati,Iona,0.799627332662
Cincinnati,Iowa,0.538881960494
Cincinnati,Iowa St,0.502191638432
Cincinnati,Kansas,0.281939015911
Cincinnati,Kentucky,0.337231080041
Cincinnati,Maryland,0.445474345297
Cincinnati,Miami FL,0.442624910047
Cincinnati,Michigan,0.624628653052
Cincinnati,Michigan St,0.2769962748
Cincinnati,MTSU,0.849523698177
Cincinnati,North Carolina,0.289243677464
Cincinnati,Northern Iowa,0.720811928532
Cincinnati,Notre Dame,0.50257567175
Cincinnati,Oklahoma,0.424262746212
Cincinnati,Oregon,0.374627902797
Cincinnati,Oregon St,0.726180145294
Cincinnati,Pittsburgh,0.530487472127
Cincinnati,Providence,0.538086750172
Cincinnati,Purdue,0.404491390477
Cincinnati,S Dakota St,0.797714744872
Cincinnati,Seton Hall,0.530088611475
Cincinnati,SF Austin,0.676442022804
Cincinnati,Southern Univ,0.973218369393
Cincinnati,St Joseph's PA,0.668786983695
Cincinnati,Stony Brook,0.838986673934
Cincinnati,Syracuse,0.607343855773
Cincinnati,Temple,0.689538594832
Cincinnati,Texas,0.567061056356
Cincinnati,Texas A&M,0.479843754805
Cincinnati,Texas Tech,0.700771325697
Cincinnati,Tulsa,0.717672120378
Cincinnati,UNC Asheville,0.941632996358
Cincinnati,UNC Wilmington,0.784154070266
Cincinnati,USC,0.7180440981
Cincinnati,Utah,0.488885645061
Cincinnati,VA Commonwealth,0.61171294318
Cincinnati,Vanderbilt,0.645417477047
Cincinnati,Villanova,0.283026965471
Cincinnati,Virginia,0.313510567914
Cincinnati,Weber St,0.896973875841
Cincinnati,West Virginia,0.308067023229
Cincinnati,WI Green Bay,0.813852631281
Cincinnati,Wichita St,0.555430135209
Cincinnati,Wisconsin,0.52786943334
Cincinnati,Xavier,0.385200442365
Cincinnati,Yale,0.820593394735
Colorado,Connecticut,0.402373846134
Colorado,CS Bakersfield,0.871004032266
Colorado,Dayton,0.483451296347
Colorado,Duke,0.251522441305
Colorado,F Dickinson,0.94386642552
Colorado,FL Gulf Coast,0.89592129382
Colorado,Fresno St,0.577151243434
Colorado,Gonzaga,0.373843267929
Colorado,Hampton,0.924009150377
Colorado,Hawaii,0.628143540626
Colorado,Holy Cross,0.937579179364
Colorado,Indiana,0.300028102801
Colorado,Iona,0.703302509143
Colorado,Iowa,0.40973758608
Colorado,Iowa St,0.3746952352
Colorado,Kansas,0.189117218008
Colorado,Kentucky,0.232089382754
Colorado,Maryland,0.323033405416
Colorado,Miami FL,0.320514474921
Colorado,Michigan,0.497087220076
Colorado,Michigan St,0.185381643422
Colorado,MTSU,0.770294959678
Colorado,North Carolina,0.194668965353
Colorado,Northern Iowa,0.605300385583
Colorado,Notre Dame,0.375055226675
Colorado,Oklahoma,0.304451016913
Colorado,Oregon,0.262443605628
Colorado,Oregon St,0.611693156447
Colorado,Pittsburgh,0.401602750217
Colorado,Providence,0.408963930373
Colorado,Purdue,0.287475190469
Colorado,S Dakota St,0.700814498514
Colorado,Seton Hall,0.401217985254
Colorado,SF Austin,0.55393326561
Colorado,Southern Univ,0.955722861045
Colorado,St Joseph's PA,0.54532798353
Colorado,Stony Brook,0.75580474086
Colorado,Syracuse,0.478829679967
Colorado,Temple,0.568827823355
Colorado,Texas,0.437571841993
Colorado,Texas A&M,0.353986534685
Colorado,Texas Tech,0.581779029091
Colorado,Tulsa,0.60157955455
Colorado,UNC Asheville,0.905507243771
Colorado,UNC Wilmington,0.6833365341
Colorado,USC,0.602019667699
Colorado,Utah,0.362308741649
Colorado,VA Commonwealth,0.483412451148
Colorado,Vanderbilt,0.519505964842
Colorado,Villanova,0.189941732111
Colorado,Virginia,0.213383379582
Colorado,Weber St,0.837963289412
Colorado,West Virginia,0.209148695631
Colorado,WI Green Bay,0.721988728007
Colorado,Wichita St,0.42598358965
Colorado,Wisconsin,0.399080128852
Colorado,Xavier,0.271223234655
Colorado,Yale,0.730956365123
Connecticut,CS Bakersfield,0.91377263562
Connecticut,Dayton,0.594960335724
Connecticut,Duke,0.345296212901
Connecticut,F Dickinson,0.963490118846
Connecticut,FL Gulf Coast,0.931082253388
Connecticut,Fresno St,0.681748426068
Connecticut,Gonzaga,0.483746896405
Connecticut,Hampton,0.950208530136
Connecticut,Hawaii,0.72611289976
Connecticut,Holy Cross,0.959306063505
Connecticut,Indiana,0.402169098358
Connecticut,Iona,0.788148803448
Connecticut,Iowa,0.521406520682
Connecticut,Iowa St,0.484655464488
Connecticut,Kansas,0.267954056512
Connecticut,Kentucky,0.321732339938
Connecticut,Maryland,0.428215047914
Connecticut,Miami FL,0.425391321315
Connecticut,Michigan,0.608039193539
Connecticut,Michigan St,0.263166633872
Connecticut,MTSU,0.84033277878
Connecticut,North Carolina,0.275035168497
Connecticut,Northern Iowa,0.706475741555
Connecticut,Notre Dame,0.485039153823
Connecticut,Oklahoma,0.407221755207
Connecticut,Oregon,0.358339707113
Connecticut,Oregon St,0.712009479511
Connecticut,Pittsburgh,0.512981414277
Connecticut,Providence,0.520607983398
Connecticut,Purdue,0.387709753763
Connecticut,S Dakota St,0.786155952085
Connecticut,Seton Hall,0.512581346227
Connecticut,SF Austin,0.660899305396
Connecticut,Southern Univ,0.971327583813
Connecticut,St Joseph's PA,0.65306514115
Connecticut,Stony Brook,0.829281499578
Connecticut,Syracuse,0.590491312387
Connecticut,Temple,0.674322102292
Connecticut,Texas,0.549761285517
Connecticut,Texas A&M,0.462363145335
Connecticut,Texas Tech,0.685854556148
Connecticut,Tulsa,0.703241083235
Connecticut,UNC Asheville,0.937655131019
Connecticut,UNC Wilmington,0.772041836547
Connecticut,USC,0.703624222451
Connecticut,Utah,0.471374143832
Connecticut,VA Commonwealth,0.594922849954
Connecticut,Vanderbilt,0.629201372671
Connecticut,Villanova,0.269008257857
Connecticut,Virginia,0.298610819372
Connecticut,Weber St,0.890306934076
Connecticut,West Virginia,0.29331544441
Connecticut,WI Green Bay,0.802988234271
Connecticut,Wichita St,0.538044220871
Connecticut,Wisconsin,0.510355859896
Connecticut,Xavier,0.368723598595
Connecticut,Yale,0.81003058662
CS Bakersfield,Dayton,0.125898959878
CS Bakersfield,Duke,0.0491721181533
CS Bakersfield,F Dickinson,0.72126663824
CS Bakersfield,FL Gulf Coast,0.56984232435
CS Bakersfield,Fresno St,0.173588180075
CS Bakersfield,Gonzaga,0.0841492531951
CS Bakersfield,Hampton,0.651720789592
CS Bakersfield,Hawaii,0.206322536756
CS Bakersfield,Holy Cross,0.698023808541
CS Bakersfield,Indiana,0.0618811326445
CS Bakersfield,Iona,0.267288535813
CS Bakersfield,Iowa,0.096516176321
CS Bakersfield,Iowa St,0.0844300443402
CS Bakersfield,Kansas,0.0346479671694
CS Bakersfield,Kentucky,0.0444446510915
CS Bakersfield,Maryland,0.0684106569373
CS Bakersfield,Miami FL,0.0676787128613
CS Bakersfield,Michigan,0.13202764344
CS Bakersfield,Michigan St,0.0338362576411
CS Bakersfield,MTSU,0.340398282987
CS Bakersfield,North Carolina,0.035865664898
CS Bakersfield,Northern Iowa,0.190942529934
CS Bakersfield,Notre Dame,0.0845488684552
CS Bakersfield,Oklahoma,0.0631098889498
CS Bakersfield,Oregon,0.0519166130184
CS Bakersfield,Oregon St,0.195122523277
CS Bakersfield,Pittsburgh,0.0936137123597
CS Bakersfield,Providence,0.096237511361
CS Bakersfield,Purdue,0.0584599234229
CS Bakersfield,S Dakota St,0.264965491032
CS Bakersfield,Seton Hall,0.0934779285645
CS Bakersfield,SF Austin,0.160444884283
CS Bakersfield,Southern Univ,0.768614108055
CS Bakersfield,St Joseph's PA,0.15581711332
CS Bakersfield,Stony Brook,0.322636363437
CS Bakersfield,Syracuse,0.123875710795
CS Bakersfield,Temple,0.168761961255
CS Bakersfield,Texas,0.106927206923
CS Bakersfield,Texas A&M,0.0777685748868
CS Bakersfield,Texas Tech,0.176329447993
CS Bakersfield,Tulsa,0.188552018981
CS Bakersfield,UNC Asheville,0.59591548566
CS Bakersfield,UNC Wilmington,0.249299943603
CS Bakersfield,USC,0.18883317736
CS Bakersfield,Utah,0.0804051610707
CS Bakersfield,VA Commonwealth,0.125881842668
CS Bakersfield,Vanderbilt,0.142652243273
CS Bakersfield,Villanova,0.0348279509022
CS Bakersfield,Virginia,0.0400732545425
CS Bakersfield,Weber St,0.443160282839
CS Bakersfield,West Virginia,0.0391069918165
CS Bakersfield,WI Green Bay,0.285539073915
CS Bakersfield,Wichita St,0.102499619633
CS Bakersfield,Wisconsin,0.0927259089616
CS Bakersfield,Xavier,0.0541706694318
CS Bakersfield,Yale,0.294834757476
Dayton,Duke,0.263468181647
Dayton,F Dickinson,0.94708689091
Dayton,FL Gulf Coast,0.901605693985
Dayton,Fresno St,0.592323498416
Dayton,Gonzaga,0.388582413506
Dayton,Hampton,0.928282293899
Dayton,Hawaii,0.642619090355
Dayton,Holy Cross,0.941137858487
Dayton,Indiana,0.313313221496
Dayton,Iona,0.716174292271
Dayton,Iowa,0.424931518399
Dayton,Iowa St,0.389447078872
Dayton,Kansas,0.198886662072
Dayton,Kentucky,0.243412326572
Dayton,Maryland,0.336846977761
Dayton,Miami FL,0.334273520111
Dayton,Michigan,0.512706744821
Dayton,Michigan St,0.19500452157
Dayton,MTSU,0.781164701991
Dayton,North Carolina,0.204652820777
Dayton,Northern Iowa,0.620127400906
Dayton,Notre Dame,0.38981240794
Dayton,Oklahoma,0.317843051245
Dayton,Oregon,0.274717656483
Dayton,Oregon St,0.626428235919
Dayton,Pittsburgh,0.416707986595
Dayton,Providence,0.424149789047
Dayton,Purdue,0.300443049004
Dayton,S Dakota St,0.713750288417
Dayton,Seton Hall,0.416318818159
Dayton,SF Austin,0.569316939158
Dayton,Southern Univ,0.958293162444
Dayton,St Joseph's PA,0.560773111827
Dayton,Stony Brook,0.767152896144
Dayton,Syracuse,0.49443953899
Dayton,Temple,0.584083510962
Dayton,Texas,0.453005785891
Dayton,Texas A&M,0.368403416293
Dayton,Texas Tech,0.596901208165
Dayton,Tulsa,0.616457777618
Dayton,UNC Asheville,0.91072026665
Dayton,UNC Wilmington,0.696700965497
Dayton,USC,0.616891922125
Dayton,Utah,0.376866834891
Dayton,VA Commonwealth,0.49902865729
Dayton,Vanderbilt,0.535080431455
Dayton,Villanova,0.199743277219
Dayton,Virginia,0.224059993807
Dayton,Weber St,0.846269988351
Dayton,West Virginia,0.219672598608
Dayton,WI Green Bay,0.734356036288
Dayton,Wichita St,0.441329526456
Dayton,Wisconsin,0.414156151981
Dayton,Xavier,0.283749926338
Dayton,Yale,0.743066713642
Duke,F Dickinson,0.981234210643
Duke,FL Gulf Coast,0.963988127277
Duke,Fresno St,0.809322648213
Duke,Gonzaga,0.649936718957
Duke,Hampton,0.974234965049
Duke,Hawaii,0.84007496027
Duke,Holy Cross,0.979039401207
Duke,Indiana,0.571349961946
Duke,Iona,0.880544775976
Duke,Iowa,0.683407281359
Duke,Iowa St,0.650763959362
Duke,Kansas,0.420375687179
Duke,Kentucky,0.484498558811
Duke,Maryland,0.597403740321
Duke,Miami FL,0.594624578149
Duke,Michigan,0.754521402616
Duke,Michigan St,0.414406627897
Duke,MTSU,0.912496270714
Duke,North Carolina,0.429123588512
Duke,Northern Iowa,0.826658060388
Duke,Notre Dame,0.651113003767
Duke,Oklahoma,0.576478534218
Duke,Oregon,0.525283118506
Duke,Oregon St,0.830469739028
Duke,Pittsburgh,0.676062234254
Duke,Providence,0.682714561424
Duke,Purdue,0.556469788989
Duke,S Dakota St,0.879287960403
Duke,Seton Hall,0.675711443294
Duke,SF Austin,0.79430953448
Duke,Southern Univ,0.98532063899
Duke,St Joseph's PA,0.788571505579
Duke,Stony Brook,0.905880321009
Duke,Syracuse,0.740735184778
Duke,Temple,0.804017463393
Duke,Texas,0.707547525495
Duke,Texas A&M,0.630174072786
Duke,Texas Tech,0.812236124771
Duke,Tulsa,0.824418660543
Duke,UNC Asheville,0.967532116889
Duke,UNC Wilmington,0.870306673538
Duke,USC,0.824684352348
Duke,Utah,0.638571083987
Duke,VA Commonwealth,0.744245048079
Duke,Vanderbilt,0.770756653258
Duke,Villanova,0.421684126125
Duke,Virginia,0.457570933552
Duke,Weber St,0.941457515766
Duke,West Virginia,0.451270325644
Duke,WI Green Bay,0.889816979942
Duke,Wichita St,0.697678625737
Duke,Wisconsin,0.673756723926
Duke,Xavier,0.536460142378
Duke,Yale,0.894164647574
F Dickinson,FL Gulf Coast,0.318076176325
F Dickinson,Fresno St,0.0688658832639
F Dickinson,Gonzaga,0.0313376366543
F Dickinson,Hampton,0.397181410089
F Dickinson,Hawaii,0.0838560835615
F Dickinson,Holy Cross,0.448698694638
F Dickinson,Indiana,0.0226985022173
F Dickinson,Iona,0.11382440379
F Dickinson,Iowa,0.0362503507208
F Dickinson,Iowa St,0.0314482558961
F Dickinson,Kansas,0.0124797619479
F Dickinson,Kentucky,0.0161130263282
F Dickinson,Maryland,0.025204665821
F Dickinson,Miami FL,0.024922627214
F Dickinson,Michigan,0.0508356797317
F Dickinson,Michigan St,0.0121808413134
F Dickinson,MTSU,0.153767195327
F Dickinson,North Carolina,0.0129287956841
F Dickinson,Northern Iowa,0.0767226727925
F Dickinson,Notre Dame,0.031495080143
F Dickinson,Oklahoma,0.0231684349926
F Dickinson,Oregon,0.0189162117673
F Dickinson,Oregon St,0.0786452939868
F Dickinson,Pittsburgh,0.0350898310738
F Dickinson,Providence,0.0361387274648
F Dickinson,Purdue,0.0213941719631
F Dickinson,S Dakota St,0.112630114354
F Dickinson,Seton Hall,0.0350356531151
F Dickinson,SF Austin,0.0630467680589
F Dickinson,Southern Univ,0.539086901243
F Dickinson,St Joseph's PA,0.0610240902157
F Dickinson,Stony Brook,0.143623195144
F Dickinson,Syracuse,0.0474229748944
F Dickinson,Temple,0.0667161760664
F Dickinson,Texas,0.0404516713051
F Dickinson,Texas A&M,0.0288353574302
F Dickinson,Texas Tech,0.0700936648694
F Dickinson,Tulsa,0.0756284703845
F Dickinson,UNC Asheville,0.341782665351
F Dickinson,UNC Wilmington,0.104688320921
F Dickinson,USC,0.0757569638875
F Dickinson,Utah,0.0298666884077
F Dickinson,VA Commonwealth,0.0482591758695
F Dickinson,Vanderbilt,0.0553431555418
F Dickinson,Villanova,0.0125460864343
F Dickinson,Virginia,0.0144859701819
F Dickinson,Weber St,0.218884156118
F Dickinson,West Virginia,0.0141275983435
F Dickinson,WI Green Bay,0.123360557674
F Dickinson,Wichita St,0.0386575208033
F Dickinson,Wisconsin,0.0347357796772
F Dickinson,Xavier,0.0197673673959
F Dickinson,Yale,0.128324833276
FL Gulf Coast,Fresno St,0.132897984703
FL Gulf Coast,Gonzaga,0.0628301966089
FL Gulf Coast,Hampton,0.577237788802
FL Gulf Coast,Hawaii,0.159439575287
FL Gulf Coast,Holy Cross,0.627787711001
FL Gulf Coast,Indiana,0.0459207935358
FL Gulf Coast,Iona,0.210221534925
FL Gulf Coast,Iowa,0.0723113608683
FL Gulf Coast,Iowa St,0.0630447467865
FL Gulf Coast,Kansas,0.0255205081344
FL Gulf Coast,Kentucky,0.0328241630347
FL Gulf Coast,Maryland,0.0508575257348
FL Gulf Coast,Miami FL,0.0503032463581
FL Gulf Coast,Michigan,0.0999018264032
FL Gulf Coast,Michigan St,0.0249171113355
FL Gulf Coast,MTSU,0.2735496166
FL Gulf Coast,North Carolina,0.0264262039909
FL Gulf Coast,Northern Iowa,0.146907507481
FL Gulf Coast,Notre Dame,0.0631355493417
FL Gulf Coast,Oklahoma,0.0468484564396
FL Gulf Coast,Oregon,0.0384210587792
FL Gulf Coast,Oregon St,0.150302598513
FL Gulf Coast,Pittsburgh,0.0700803310761
FL Gulf Coast,Providence,0.0720970041721
FL Gulf Coast,Purdue,0.0433412134338
FL Gulf Coast,S Dakota St,0.208253499662
FL Gulf Coast,Seton Hall,0.0699760464299
FL Gulf Coast,SF Austin,0.122379330993
FL Gulf Coast,Southern Univ,0.707926514863
FL Gulf Coast,St Joseph's PA,0.118694274886
FL Gulf Coast,Stony Brook,0.257911940494
FL Gulf Coast,Syracuse,0.0935197534673
FL Gulf Coast,Temple,0.129026435179
FL Gulf Coast,Texas,0.0803436414112
FL Gulf Coast,Texas A&M,0.0579637416938
FL Gulf Coast,Texas Tech,0.135101729085
FL Gulf Coast,Tulsa,0.14496951105
FL Gulf Coast,UNC Asheville,0.518318666868
FL Gulf Coast,UNC Wilmington,0.195051175534
FL Gulf Coast,USC,0.145197310263
FL Gulf Coast,Utah,0.0599725488872
FL Gulf Coast,VA Commonwealth,0.0950876343083
FL Gulf Coast,Vanderbilt,0.108263642201
FL Gulf Coast,Villanova,0.0256543380278
FL Gulf Coast,Virginia,0.0295603535227
FL Gulf Coast,Weber St,0.367370690876
FL Gulf Coast,West Virginia,0.0288399662962
FL Gulf Coast,WI Green Bay,0.225776197041
FL Gulf Coast,Wichita St,0.0769220024792
FL Gulf Coast,Wisconsin,0.0693986226502
FL Gulf Coast,Xavier,0.0401139718209
FL Gulf Coast,Yale,0.233762876045
Fresno St,Gonzaga,0.300483114499
Fresno St,Hampton,0.897419423882
Fresno St,Hawaii,0.548602668212
Fresno St,Holy Cross,0.915302461278
Fresno St,Indiana,0.235700401663
Fresno St,Iona,0.630378223998
Fresno St,Iowa,0.333080624039
Fresno St,Iowa St,0.301248331374
Fresno St,Kansas,0.143687966443
Fresno St,Kentucky,0.178611216661
Fresno St,Maryland,0.255574183788
Fresno St,Miami FL,0.253384393197
Fresno St,Michigan,0.415594381692
Fresno St,Michigan St,0.140694045219
Fresno St,MTSU,0.706976196763
Fresno St,North Carolina,0.148149743279
Fresno St,Northern Iowa,0.524571573919
Fresno St,Notre Dame,0.301571790068
Fresno St,Oklahoma,0.239499483824
Fresno St,Oregon,0.203827693518
Fresno St,Oregon St,0.531259331631
Fresno St,Pittsburgh,0.325628119939
Fresno St,Providence,0.332370207569
Fresno St,Purdue,0.224973872058
Fresno St,S Dakota St,0.627602492275
Fresno St,Seton Hall,0.325276577484
Fresno St,SF Austin,0.471865088313
Fresno St,Southern Univ,0.939503451683
Fresno St,St Joseph's PA,0.463210806175
Fresno St,Stony Brook,0.690098666464
Fresno St,Syracuse,0.397961473666
Fresno St,Temple,0.486961956213
Fresno St,Texas,0.3588735048
Fresno St,Texas A&M,0.282763297015
Fresno St,Texas Tech,0.500211616889
Fresno St,Tulsa,0.520692335178
Fresno St,UNC Asheville,0.873331060423
Fresno St,UNC Wilmington,0.608238437865
Fresno St,USC,0.521150677255
Fresno St,Utah,0.290163146506
Fresno St,VA Commonwealth,0.402367815494
Fresno St,Vanderbilt,0.437535340509
Fresno St,Villanova,0.144349676106
Fresno St,Virginia,0.163298872032
Fresno St,Weber St,0.78816788564
Fresno St,West Virginia,0.159856146361
Fresno St,WI Green Bay,0.651380653992
Fresno St,Wichita St,0.348079558246
Fresno St,Wisconsin,0.323324870667
Fresno St,Xavier,0.211207948515
Fresno St,Yale,0.661558215118
Gonzaga,Hampton,0.950823275205
Gonzaga,Hawaii,0.728704471977
Gonzaga,Holy Cross,0.959813237224
Gonzaga,Indiana,0.405315483315
Gonzaga,Iona,0.790322884754
Gonzaga,Iowa,0.524667070858
Gonzaga,Iowa St,0.487920493447
Gonzaga,Kansas,0.270525558972
Gonzaga,Kentucky,0.324591102089
Gonzaga,Maryland,0.431418154877
Gonzaga,Miami FL,0.428589138593
Gonzaga,Michigan,0.611149695972
Gonzaga,Michigan St,0.265708868539
Gonzaga,MTSU,0.842078635983
Gonzaga,North Carolina,0.277648852774
Gonzaga,Northern Iowa,0.709178703852
Gonzaga,Notre Dame,0.48830431841
Gonzaga,Oklahoma,0.410380534717
Gonzaga,Oregon,0.361350452789
Gonzaga,Oregon St,0.714682063599
Gonzaga,Pittsburgh,0.516246109394
Gonzaga,Providence,0.52386900597
Gonzaga,Purdue,0.390816966968
Gonzaga,S Dakota St,0.788344992516
Gonzaga,Seton Hall,0.515846192053
Gonzaga,SF Austin,0.663822251369
Gonzaga,Southern Univ,0.971689353387
Gonzaga,St Joseph's PA,0.656020468762
Gonzaga,Stony Brook,0.831123911211
Gonzaga,Syracuse,0.593648006031
Gonzaga,Temple,0.677185861316
Gonzaga,Texas,0.552994271121
Gonzaga,Texas A&M,0.465613681992
Gonzaga,Texas Tech,0.688663727801
Gonzaga,Tulsa,0.705961434947
Gonzaga,UNC Asheville,0.938414820087
Gonzaga,UNC Wilmington,0.774333884589
Gonzaga,USC,0.706342528584
Gonzaga,Utah,0.474632104336
Gonzaga,VA Commonwealth,0.598068635232
Gonzaga,Vanderbilt,0.632245509533
Gonzaga,Villanova,0.271586123928
Gonzaga,Virginia,0.301355414984
Gonzaga,Weber St,0.891576859641
Gonzaga,West Virginia,0.296031911401
Gonzaga,WI Green Bay,0.805047697673
Gonzaga,Wichita St,0.541291141159
Gonzaga,Wisconsin,0.513621467749
Gonzaga,Xavier,0.371771040353
Gonzaga,Yale,0.812033665349
Hampton,Hawaii,0.118562229014
Hampton,Holy Cross,0.544637119234
Hampton,Indiana,0.0330047761268
Hampton,Iona,0.158784064578
Hampton,Iowa,0.0523800605212
Hampton,Iowa St,0.0455422288477
Hampton,Kansas,0.018232770025
Hampton,Kentucky,0.0235010629963
Hampton,Maryland,0.0366062427561
Hampton,Miami FL,0.0362013593258
Hampton,Michigan,0.0729638475613
Hampton,Michigan St,0.0177985344692
Hampton,MTSU,0.210751788258
Hampton,North Carolina,0.0188848439381
Hampton,Northern Iowa,0.10882716566
Hampton,Notre Dame,0.045609049852
Hampton,Oklahoma,0.033680728788
Hampton,Oregon,0.0275535517067
Hampton,Oregon St,0.111457184268
Hampton,Pittsburgh,0.0507303452481
Hampton,Providence,0.052221461388
Hampton,Purdue,0.0311270762414
Hampton,S Dakota St,0.157201723603
Hampton,Seton Hall,0.0506532863558
Hampton,SF Austin,0.0899863520416
Hampton,Southern Univ,0.632189713773
Hampton,St Joseph's PA,0.0871798114915
Hampton,Stony Brook,0.197726895353
Hampton,Syracuse,0.0681723273839
Hampton,Temple,0.0950645971949
Hampton,Texas,0.058337614346
Hampton,Texas A&M,0.0418088717416
Hampton,Texas Tech,0.0997238697177
Hampton,Tulsa,0.107328321583
Hampton,UNC Asheville,0.43280763794
Hampton,UNC Wilmington,0.146636438769
Hampton,USC,0.107504409713
Hampton,Utah,0.0432835354828
Hampton,VA Commonwealth,0.0693477626693
Hampton,Vanderbilt,0.0792695132972
Hampton,Villanova,0.0183291017483
Hampton,Virginia,0.0211440123185
Hampton,Weber St,0.291682644307
Hampton,West Virginia,0.020624372678
Hampton,WI Green Bay,0.171358555888
Hampton,Wichita St,0.0557962985735
Hampton,Wisconsin,0.0502266978421
Hampton,Xavier,0.0287819522054
Hampton,Yale,0.177862475299
Hawaii,Holy Cross,0.8963084117
Hawaii,Indiana,0.197863276415
Hawaii,Iona,0.577015911297
Hawaii,Iowa,0.285449396964
Hawaii,Iowa St,0.256418990892
Hawaii,Kansas,0.118334721846
Hawaii,Kentucky,0.148162070937
Hawaii,Maryland,0.215446026315
Hawaii,Miami FL,0.213501450171
Hawaii,Michigan,0.362578526952
Hawaii,Michigan St,0.115797631004
Hawaii,MTSU,0.658684791657
Hawaii,North Carolina,0.122121508087
Hawaii,Northern Iowa,0.468805835329
Hawaii,Notre Dame,0.256711999051
Hawaii,Oklahoma,0.201213046574
Hawaii,Oregon,0.169969266856
Hawaii,Oregon St,0.475493690639
Hawaii,Pittsburgh,0.278617391597
Hawaii,Providence,0.284797188718
Hawaii,Purdue,0.188434148435
Hawaii,S Dakota St,0.574110185943
Hawaii,Seton Hall,0.278295657097
Hawaii,SF Austin,0.416790417798
Hawaii,Southern Univ,0.925494877935
Hawaii,St Joseph's PA,0.408365205135
Hawaii,Stony Brook,0.640440408962
Hawaii,Syracuse,0.345863761772
Hawaii,Temple,0.43156509169
Hawaii,Texas,0.309264245444
Hawaii,Texas A&M,0.239740955588
Hawaii,Texas Tech,0.444613724704
Hawaii,Tulsa,0.464935698079
Hawaii,UNC Asheville,0.846503079901
Hawaii,UNC Wilmington,0.553941534999
Hawaii,USC,0.465392615284
Hawaii,Utah,0.246401710327
Hawaii,VA Commonwealth,0.350028641431
Hawaii,Vanderbilt,0.383557552438
Hawaii,Villanova,0.118895886337
Hawaii,Virginia,0.135030998561
Hawaii,Weber St,0.748497062983
Hawaii,West Virginia,0.132090143111
Hawaii,WI Green Bay,0.599122239439
Hawaii,Wichita St,0.29926592111
Hawaii,Wisconsin,0.276510319533
Hawaii,Xavier,0.176395181194
Hawaii,Yale,0.609911785107
Holy Cross,Indiana,0.0279785603251
Holy Cross,Iona,0.137323386728
Holy Cross,Iowa,0.0445391337917
Holy Cross,Iowa St,0.0386830937445
Holy Cross,Kansas,0.0154202732121
Holy Cross,Kentucky,0.0198923713693
Holy Cross,Maryland,0.031049178913
Holy Cross,Miami FL,0.0307038005166
Holy Cross,Michigan,0.0622440632953
Holy Cross,Michigan St,0.0150519937305
Holy Cross,MTSU,0.183802004296
Holy Cross,North Carolina,0.0159733979664
Holy Cross,Northern Iowa,0.0933690571568
Holy Cross,Notre Dame,0.0387402592909
Holy Cross,Oklahoma,0.0285546135388
Holy Cross,Oregon,0.0233374544845
Holy Cross,Oregon St,0.0956656032486
Holy Cross,Pittsburgh,0.0431251308389
Holy Cross,Providence,0.0444031633798
Holy Cross,Purdue,0.0263790101751
Holy Cross,S Dakota St,0.135920354001
Holy Cross,Seton Hall,0.0430591001794
Holy Cross,SF Austin,0.0769732927269
Holy Cross,Southern Univ,0.591754749689
Holy Cross,St Joseph's PA,0.0745393662592
Holy Cross,Stony Brook,0.1720795236
Holy Cross,Syracuse,0.0581123800914
Holy Cross,Temple,0.08138284054
Holy Cross,Texas,0.0496516107693
Holy Cross,Texas A&M,0.0354911109527
Holy Cross,Texas Tech,0.0854348556407
Holy Cross,Tulsa,0.0920611197257
Holy Cross,UNC Asheville,0.391549597742
Holy Cross,UNC Wilmington,0.12657055798
Holy Cross,USC,0.0922147472534
Holy Cross,Utah,0.03675148441
Holy Cross,VA Commonwealth,0.0591253664569
Holy Cross,Vanderbilt,0.0676909523416
Holy Cross,Villanova,0.0155019799129
Holy Cross,Virginia,0.017890625104
Holy Cross,Weber St,0.25776378612
Holy Cross,West Virginia,0.0174495160545
Holy Cross,WI Green Bay,0.148498369167
Holy Cross,Wichita St,0.047469602187
Holy Cross,Wisconsin,0.0426935916729
Holy Cross,Xavier,0.0243826045954
Holy Cross,Yale,0.154296190897
Indiana,Iona,0.849690833671
Indiana,Iowa,0.623411550321
Indiana,Iowa St,0.588308713869
Indiana,Kansas,0.357403352026
Indiana,Kentucky,0.418862049016
Indiana,Maryland,0.532264616184
Indiana,Miami FL,0.529390017182
Indiana,Michigan,0.702128235251
Indiana,Michigan St,0.351785771191
Indiana,MTSU,0.888853342947
Indiana,North Carolina,0.365667531687
Indiana,Northern Iowa,0.785279760858
Indiana,Notre Dame,0.588680725696
Indiana,Oklahoma,0.510726606097
Indiana,Oregon,0.45904146352
Indiana,Oregon St,0.789769926776
Indiana,Pittsburgh,0.615457794418
Indiana,Providence,0.622660038895
Indiana,Purdue,0.490357712185
Indiana,S Dakota St,0.848165372058
Indiana,Seton Hall,0.615078741132
Indiana,SF Austin,0.747567343511
Indiana,Southern Univ,0.980943445912
Indiana,St Joseph's PA,0.740950630478
Indiana,Stony Brook,0.880683549132
Indiana,Syracuse,0.686621678291
Indiana,Temple,0.758811486996
Indiana,Texas,0.649782142767
Indiana,Texas A&M,0.566489557693
Indiana,Texas Tech,0.768379768698
Indiana,Tulsa,0.782646349377
Indiana,UNC Asheville,0.95807630862
Indiana,UNC Wilmington,0.837296962106
Indiana,USC,0.782958610408
Indiana,Utah,0.575358176356
Indiana,VA Commonwealth,0.69055808379
Indiana,Vanderbilt,0.720545225819
Indiana,Villanova,0.358637062467
Indiana,Virginia,0.39280270665
Indiana,Weber St,0.924996530199
Indiana,West Virginia,0.386758046218
Indiana,WI Green Bay,0.860979836642
Indiana,Wichita St,0.638958610093
Indiana,Wisconsin,0.612967881783
Indiana,Xavier,0.4702050913
Indiana,Yale,0.866294398539
Iona,Iowa,0.218615666027
Iona,Iowa St,0.194531847553
Iona,Kansas,0.085923406309
Iona,Kentucky,0.108587364516
Iona,Maryland,0.16130260987
Iona,Miami FL,0.159747217758
Iona,Michigan,0.284886002041
Iona,Michigan St,0.0840149949222
Iona,MTSU,0.574754377995
Iona,North Carolina,0.0887774468194
Iona,Northern Iowa,0.381991990968
Iona,Notre Dame,0.194772661495
Iona,Oklahoma,0.149962801766
Iona,Oregon,0.125427429287
Iona,Oregon St,0.388346802151
Iona,Pittsburgh,0.21290665447
Iona,Providence,0.218069559529
Iona,Purdue,0.139868838158
Iona,S Dakota St,0.485623421839
Iona,Seton Hall,0.212638432998
Iona,SF Austin,0.333560310298
Iona,Southern Univ,0.896904890903
Iona,St Joseph's PA,0.325877454896
Iona,Stony Brook,0.555054204315
Iona,Syracuse,0.270234421536
Iona,Temple,0.34714073581
Iona,Texas,0.238717418875
Iona,Texas A&M,0.180899807733
Iona,Texas Tech,0.359250000151
Iona,Tulsa,0.378328097158
Iona,UNC Asheville,0.794337260207
Iona,UNC Wilmington,0.465168079304
Iona,USC,0.378760150697
Iona,Utah,0.186326430351
Iona,VA Commonwealth,0.273869872577
Iona,Vanderbilt,0.303510157657
Iona,Villanova,0.0863459231666
Iona,Virginia,0.0985578534029
Iona,Weber St,0.675780982375
Iona,West Virginia,0.0963228916501
Iona,WI Green Bay,0.511409583555
Iona,Wichita St,0.230239603758
Iona,Wisconsin,0.211151069302
Iona,Xavier,0.13043400423
Iona,Yale,0.522679072575
Iowa,Iowa St,0.462159705096
Iowa,Kansas,0.250625047924
Iowa,Kentucky,0.302361916888
Iowa,Maryland,0.406273746371
Iowa,Miami FL,0.403492604585
Iowa,Michigan,0.586332314885
Iowa,Michigan St,0.246043174373
Iowa,MTSU,0.827848101242
Iowa,North Carolina,0.257409241024
Iowa,Northern Iowa,0.687417813328
Iowa,Notre Dame,0.462541569663
Iowa,Oklahoma,0.385630657871
Iowa,Oregon,0.337863151758
Iowa,Oregon St,0.693154792455
Iowa,Pittsburgh,0.490422071254
Iowa,Providence,0.49805624163
Iowa,Purdue,0.366513540956
Iowa,S Dakota St,0.770591554463
Iowa,Seton Hall,0.490021894708
Iowa,SF Austin,0.640388481919
Iowa,Southern Univ,0.968704172616
Iowa,St Joseph's PA,0.63234406574
Iowa,Stony Brook,0.81612178519
Iowa,Syracuse,0.568502274297
Iowa,Temple,0.654198364698
Iowa,Texas,0.527335842458
Iowa,Texas A&M,0.44001862693
Iowa,Texas Tech,0.666090551642
Iowa,Tulsa,0.684067055207
Iowa,UNC Asheville,0.932165983873
Iowa,UNC Wilmington,0.755769298318
Iowa,USC,0.684463842242
Iowa,Utah,0.448957797598
Iowa,VA Commonwealth,0.572999695553
Iowa,Vanderbilt,0.607910727101
Iowa,Villanova,0.251634507625
Iowa,Virginia,0.280057678092
Iowa,Weber St,0.881177299781
Iowa,West Virginia,0.274962332657
Iowa,WI Green Bay,0.78831907897
Iowa,Wichita St,0.515549446819
Iowa,Wisconsin,0.487796332482
Iowa,Xavier,0.34797546282
Iowa,Yale,0.795752416463
Iowa St,Kansas,0.267579048113
Iowa St,Kentucky,0.32131510295
Iowa St,Maryland,0.427746806256
Iowa St,Miami FL,0.424923872715
Iowa St,Michigan,0.607583262671
Iowa St,Michigan St,0.262795920327
Iowa St,MTSU,0.840075984771
Iowa St,North Carolina,0.274653968079
Iowa St,Northern Iowa,0.706078963337
Iowa St,Notre Dame,0.484561433622
Iowa St,Oklahoma,0.406760138844
Iowa St,Oregon,0.357900046591
Iowa St,Oregon St,0.711617128175
Iowa St,Pittsburgh,0.512503562753
Iowa St,Providence,0.520130614889
Iowa St,Purdue,0.387255806052
Iowa St,S Dakota St,0.78583423164
Iowa St,Seton Hall,0.512103475509
Iowa St,SF Austin,0.660470527219
Iowa St,Southern Univ,0.971274267915
Iowa St,St Joseph's PA,0.65263166358
Iowa St,Stony Brook,0.829010548306
Iowa St,Syracuse,0.590028732409
Iowa St,Temple,0.673901922141
Iowa St,Texas,0.549287814552
Iowa St,Texas A&M,0.461887726914
Iowa St,Texas Tech,0.685442314156
Iowa St,Tulsa,0.702841771666
Iowa St,UNC Asheville,0.937543227803
Iowa St,UNC Wilmington,0.771705048211
Iowa St,USC,0.703225208861
Iowa St,Utah,0.470897575251
Iowa St,VA Commonwealth,0.594461837904
Iowa St,Vanderbilt,0.62875502822
Iowa St,Villanova,0.268632315484
Iowa St,Virginia,0.298210384053
Iowa St,Weber St,0.890120004385
Iowa St,West Virginia,0.292919144559
Iowa St,WI Green Bay,0.802685481503
Iowa St,Wichita St,0.537568792599
Iowa St,Wisconsin,0.509877893575
Iowa St,Xavier,0.368278509983
Iowa St,Yale,0.809736091753
Kansas,Kentucky,0.559632533243
Kansas,Maryland,0.667379230264
Kansas,Miami FL,0.664812090162
Kansas,Michigan,0.806053906632
Kansas,Michigan St,0.488981416788
Kansas,MTSU,0.93377633578
Kansas,North Carolina,0.504067087446
Kansas,Northern Iowa,0.865741748427
Kansas,Notre Dame,0.716188197195
Kansas,Oklahoma,0.647947735555
Kansas,Oregon,0.599387888689
Kansas,Oregon St,0.868830370674
Kansas,Pittsburgh,0.738353858733
Kansas,Providence,0.744210966998
Kansas,Purdue,0.629143331435
Kansas,S Dakota St,0.907828211391
Kansas,Seton Hall,0.738044386028
Kansas,SF Austin,0.839268751568
Kansas,Southern Univ,0.989102031596
Kansas,St Joseph's PA,0.834523639742
Kansas,Stony Brook,0.928643503904
Kansas,Syracuse,0.794373066601
Kansas,Temple,0.84726277447
Kansas,Texas,0.765881330985
Kansas,Texas A&M,0.697339391288
Kansas,Texas Tech,0.853997234401
Kansas,Tulsa,0.863924154836
Kansas,UNC Asheville,0.975783197589
Kansas,UNC Wilmington,0.900730658676
Kansas,USC,0.864139917927
Kansas,Utah,0.704925468025
Kansas,VA Commonwealth,0.797355444199
Kansas,Vanderbilt,0.819695390419
Kansas,Villanova,0.496458257618
Kansas,Virginia,0.532845402816
Kansas,Weber St,0.956033837202
Kansas,West Virginia,0.526514384185
Kansas,WI Green Bay,0.916105347333
Kansas,Wichita St,0.757305715492
Kansas,Wisconsin,0.736318773585
Kansas,Xavier,0.610115176803
Kansas,Yale,0.91950954438
Kentucky,Maryland,0.620413765531
Kentucky,Miami FL,0.617691793965
Kentucky,Michigan,0.771979023843
Kentucky,Michigan St,0.438037133524
Kentucky,MTSU,0.91991174029
Kentucky,North Carolina,0.452944190093
Kentucky,Northern Iowa,0.840072933765
Kentucky,Notre Dame,0.672734946084
Kentucky,Oklahoma,0.599883514955
Kentucky,Oregon,0.549305413083
Kentucky,Oregon St,0.843645421438
Kentucky,Pittsburgh,0.696857846472
Kentucky,Providence,0.703270556746
Kentucky,Purdue,0.580175246186
Kentucky,S Dakota St,0.889175863159
Kentucky,Seton Hall,0.696519466129
Kentucky,SF Austin,0.809651399789
Kentucky,Southern Univ,0.986654892514
Kentucky,St Joseph's PA,0.804235874115
Kentucky,Stony Brook,0.913803494862
Kentucky,Syracuse,0.75885989696
Kentucky,Temple,0.81880042217
Kentucky,Texas,0.727137681058
Kentucky,Texas A&M,0.65240091941
Kentucky,Texas Tech,0.826532900986
Kentucky,Tulsa,0.837972871805
Kentucky,UNC Asheville,0.970434710461
Kentucky,UNC Wilmington,0.880830554674
Kentucky,USC,0.838222078025
Kentucky,Utah,0.660565095622
Kentucky,VA Commonwealth,0.762203162364
Kentucky,Vanderbilt,0.787385028891
Kentucky,Villanova,0.445413969996
Kentucky,Virginia,0.481638377653
Kentucky,Weber St,0.94656240511
Kentucky,West Virginia,0.475296754752
Kentucky,WI Green Bay,0.898941542569
Kentucky,Wichita St,0.717666066919
Kentucky,Wisconsin,0.694633489802
Kentucky,Xavier,0.560390188717
Kentucky,Yale,0.902968429169
Maryland,Miami FL,0.510896477867
Maryland,Michigan,0.686401677807
Maryland,Michigan St,0.335079027969
Maryland,MTSU,0.881318825501
Maryland,North Carolina,0.348656124853
Maryland,Northern Iowa,0.772520977757
Maryland,Notre Dame,0.570627381627
Maryland,Oklahoma,0.492203151675
Maryland,Oregon,0.440704093284
Maryland,Oregon St,0.777202253449
Maryland,Pittsburgh,0.597776706183
Maryland,Providence,0.605097623762
Maryland,Purdue,0.471860549487
Maryland,S Dakota St,0.838374199043
Maryland,Seton Hall,0.597391625366
Maryland,SF Austin,0.733328648742
Maryland,Southern Univ,0.979507697924
Maryland,St Joseph's PA,0.726475270726
Maryland,Stony Brook,0.872674543029
Maryland,Syracuse,0.670460677455
Maryland,Temple,0.744990678492
Maryland,Texas,0.632737501981
Maryland,Texas A&M,0.548209722031
Maryland,Texas Tech,0.754930171906
Maryland,Tulsa,0.769776963007
Maryland,UNC Asheville,0.954996757603
Maryland,UNC Wilmington,0.82694792805
Maryland,USC,0.770102281863
Maryland,Utah,0.557159966831
Maryland,VA Commonwealth,0.674503850635
Maryland,Vanderbilt,0.705383015293
Maryland,Villanova,0.34177650037
Maryland,Virginia,0.375275757447
Maryland,Weber St,0.919690751096
Maryland,West Virginia,0.369336753543
Maryland,WI Green Bay,0.851870694821
Maryland,Wichita St,0.621693888425
Maryland,Wisconsin,0.595247598928
Maryland,Xavier,0.451794215941
Maryland,Yale,0.857475842352
Miami FL,Michigan,0.675523584911
Miami FL,Michigan St,0.324015975529
Miami FL,MTSU,0.875980381008
Miami FL,North Carolina,0.337372251339
Miami FL,Northern Iowa,0.763601353523
Miami FL,Notre Dame,0.558317493737
Miami FL,Oklahoma,0.479694983993
Miami FL,Oregon,0.428400550673
Miami FL,Oregon St,0.76841115845
Miami FL,Pittsburgh,0.585680027395
Miami FL,Providence,0.593071238114
Miami FL,Purdue,0.459401650162
Miami FL,S Dakota St,0.831473428586
Miami FL,Seton Hall,0.585291399877
Miami FL,SF Austin,0.723422453976
Miami FL,Southern Univ,0.978478069882
Miami FL,St Joseph's PA,0.716412941204
Miami FL,Stony Brook,0.867005942744
Miami FL,Syracuse,0.659304086041
Miami FL,Temple,0.735361363793
Miami FL,Texas,0.621025674792
Miami FL,Texas A&M,0.535779986603
Miami FL,Texas Tech,0.745547987499
Miami FL,Tulsa,0.760783061451
Miami FL,UNC Asheville,0.952794937855
Miami FL,UNC Wilmington,0.819664240485
Miami FL,USC,0.7611171453
Miami FL,Utah,0.544771996237
Miami FL,VA Commonwealth,0.663415423784
Miami FL,Vanderbilt,0.69487065426
Miami FL,Villanova,0.330602267256
Miami FL,Virginia,0.363611307707
Miami FL,Weber St,0.915913649975
Miami FL,West Virginia,0.357751190982
Miami FL,WI Green Bay,0.845439935431
Miami FL,Wichita St,0.609847041012
Miami FL,Wisconsin,0.58312790165
Miami FL,Xavier,0.43942431521
Miami FL,Yale,0.851245928418
Michigan,Michigan St,0.184476146131
Michigan,MTSU,0.769230278341
Michigan,North Carolina,0.193728892358
Michigan,Northern Iowa,0.603864239032
Michigan,Notre Dame,0.373648216301
Michigan,Oklahoma,0.303180379735
Michigan,Oregon,0.261282429273
Michigan,Oregon St,0.610265293701
Michigan,Pittsburgh,0.400159917705
Michigan,Providence,0.40751266164
Michigan,Purdue,0.286246245219
Michigan,S Dakota St,0.69955338508
Michigan,Seton Hall,0.399775611572
Michigan,SF Austin,0.552448409705
Michigan,Southern Univ,0.955467950137
Michigan,St Joseph's PA,0.543838071665
Michigan,Stony Brook,0.754694285676
Michigan,Syracuse,0.477330713902
Michigan,Temple,0.567353823434
Michigan,Texas,0.436093959609
Michigan,Texas A&M,0.35261396682
Michigan,Texas Tech,0.58031663786
Michigan,Tulsa,0.600138813012
Michigan,UNC Asheville,0.904991972428
Michigan,UNC Wilmington,0.682035174022
Michigan,USC,0.600579460982
Michigan,Utah,0.360921933182
Michigan,VA Commonwealth,0.481912404429
Michigan,Vanderbilt,0.518006225701
Michigan,Villanova,0.189019129322
Michigan,Virginia,0.212376765811
Michigan,Weber St,0.83714594078
Michigan,West Virginia,0.208156772253
Michigan,WI Green Bay,0.720781307172
Michigan,Wichita St,0.424515304501
Michigan,Wisconsin,0.39764033689
Michigan,Xavier,0.270037435221
Michigan,Yale,0.72977331418
Michigan St,MTSU,0.939667952301
Michigan St,North Carolina,0.528900941245
Michigan St,Northern Iowa,0.87688808116
Michigan St,Notre Dame,0.735963988285
Michigan St,Oklahoma,0.67028944352
Michigan St,Oregon,0.623018325231
Michigan St,Oregon St,0.879755895955
Michigan St,Pittsburgh,0.757108966889
Michigan St,Providence,0.762681175425
Michigan St,Purdue,0.652037534919
Michigan St,S Dakota St,0.915820204201
Michigan St,Seton Hall,0.756814371199
Michigan St,SF Austin,0.852237795383
Michigan St,Southern Univ,0.990123633798
Michigan St,St Joseph's PA,0.847806125497
Michigan St,Stony Brook,0.934959958474
Michigan St,Syracuse,0.810145172936
Michigan St,Temple,0.859694630167
Michigan St,Texas,0.783242507167
Michigan St,Texas A&M,0.71791124884
Michigan St,Texas Tech,0.865967660362
Michigan St,Tulsa,0.875199634262
Michigan St,UNC Asheville,0.978025601647
Michigan St,UNC Wilmington,0.909276562204
Michigan St,USC,0.875400097387
Michigan St,Utah,0.725184903061
Michigan St,VA Commonwealth,0.812952658715
Michigan St,Vanderbilt,0.833931257728
Michigan St,Villanova,0.521311294334
Michigan St,Virginia,0.557503233528
Michigan St,Weber St,0.960030065094
Michigan St,West Virginia,0.551224939027
Michigan St,WI Green Bay,0.923440174656
Michigan St,Wichita St,0.77511609412
Michigan St,Wisconsin,0.755171388035
Michigan St,Xavier,0.633499760007
Michigan St,Yale,0.926570601937
MTSU,North Carolina,0.0658481848507
MTSU,Northern Iowa,0.309013705856
MTSU,Notre Dame,0.148941889034
MTSU,Oklahoma,0.113193765516
MTSU,Oregon,0.0940088577132
MTSU,Oregon St,0.314772817113
MTSU,Pittsburgh,0.163676222875
MTSU,Providence,0.167899970054
MTSU,Purdue,0.105268225283
MTSU,S Dakota St,0.405848415418
MTSU,Seton Hall,0.163457142295
MTSU,SF Austin,0.265854408374
MTSU,Southern Univ,0.862909117301
MTSU,St Joseph's PA,0.259124665974
MTSU,Stony Brook,0.474392605419
MTSU,Syracuse,0.211306827182
MTSU,Temple,0.277827444248
MTSU,Texas,0.184920945515
MTSU,Texas A&M,0.137774842403
MTSU,Texas Tech,0.288587638617
MTSU,Tulsa,0.30570353755
MTSU,UNC Asheville,0.736457698765
MTSU,UNC Wilmington,0.386230214785
MTSU,USC,0.306093489496
MTSU,Utah,0.142132283786
MTSU,VA Commonwealth,0.214382413377
MTSU,Vanderbilt,0.239709884537
MTSU,Villanova,0.0640005614787
MTSU,Virginia,0.0733057435112
MTSU,Weber St,0.601283807697
MTSU,West Virginia,0.0715979330083
MTSU,WI Green Bay,0.430947524423
MTSU,Wichita St,0.177907180223
MTSU,Wisconsin,0.162242904941
MTSU,Xavier,0.0979017132324
MTSU,Yale,0.442048113528
North Carolina,Northern Iowa,0.859664161
North Carolina,Notre Dame,0.705642469099
North Carolina,Oklahoma,0.636154548552
North Carolina,Oregon,0.587004851655
North Carolina,Oregon St,0.862870452528
North Carolina,Pittsburgh,0.728319316414
North Carolina,Providence,0.734320226282
North Carolina,Purdue,0.61709247944
North Carolina,S Dakota St,0.903443305012
North Carolina,Seton Hall,0.728002347204
North Carolina,SF Austin,0.832225024895
North Carolina,Southern Univ,0.988534749742
North Carolina,St Joseph's PA,0.82731475411
North Carolina,Stony Brook,0.925167220624
North Carolina,Syracuse,0.785863866711
North Carolina,Temple,0.840502793631
North Carolina,Texas,0.756554424377
North Carolina,Texas A&M,0.686399964655
North Carolina,Texas Tech,0.847481658677
North Carolina,Tulsa,0.857777805342
North Carolina,UNC Asheville,0.974540463874
North Carolina,UNC Wilmington,0.896046762911
North Carolina,USC,0.858001712294
North Carolina,Utah,0.694139970433
North Carolina,VA Commonwealth,0.788936868933
North Carolina,Vanderbilt,0.811986057367
North Carolina,Villanova,0.483634532866
North Carolina,Virginia,0.520052496519
North Carolina,Weber St,0.953825583654
North Carolina,West Virginia,0.51370633123
North Carolina,WI Green Bay,0.912076073812
North Carolina,Wichita St,0.747749692236
North Carolina,Wisconsin,0.726235121238
North Carolina,Xavier,0.597841247657
North Carolina,Yale,0.915628709246
Northern Iowa,Notre Dame,0.281412161959
Northern Iowa,Oklahoma,0.222169363979
Northern Iowa,Oregon,0.18843919691
Northern Iowa,Oregon St,0.506888895934
Northern Iowa,Pittsburgh,0.304561614492
Northern Iowa,Providence,0.311068720059
Northern Iowa,Purdue,0.208406787666
Northern Iowa,S Dakota St,0.604512185315
Northern Iowa,Seton Hall,0.304222555236
Northern Iowa,SF Austin,0.447617432969
Northern Iowa,Southern Univ,0.933709693763
Northern Iowa,St Joseph's PA,0.439038174773
Northern Iowa,Stony Brook,0.668838693113
Northern Iowa,Syracuse,0.374816290434
Northern Iowa,Temple,0.462618062804
Northern Iowa,Texas,0.336730140857
Northern Iowa,Texas A&M,0.26338683629
Northern Iowa,Texas Tech,0.475819671912
Northern Iowa,Tulsa,0.496293406334
Northern Iowa,UNC Asheville,0.862129958405
Northern Iowa,UNC Wilmington,0.584741897749
Northern Iowa,USC,0.496752530097
Northern Iowa,Utah,0.270470827848
Northern Iowa,VA Commonwealth,0.379127745731
Northern Iowa,Vanderbilt,0.413670025329
Northern Iowa,Villanova,0.132703173972
Northern Iowa,Virginia,0.150392219882
Northern Iowa,Weber St,0.771407139955
Northern Iowa,West Virginia,0.147173734689
Northern Iowa,WI Green Bay,0.628892901246
Northern Iowa,Wichita St,0.326263279333
Northern Iowa,Wisconsin,0.302340568961
Northern Iowa,Xavier,0.195399008134
Northern Iowa,Yale,0.639363493946
Notre Dame,Oklahoma,0.427188183061
Notre Dame,Oregon,0.377435458378
Notre Dame,Oregon St,0.728553011539
Notre Dame,Pittsburgh,0.533466685807
Notre Dame,Providence,0.541059460418
Notre Dame,Purdue,0.407376960871
Notre Dame,S Dakota St,0.799638745554
Notre Dame,Seton Hall,0.533068128372
Notre Dame,SF Austin,0.679055414417
Notre Dame,Southern Univ,0.973528491586
Notre Dame,St Joseph's PA,0.671432172694
Notre Dame,Stony Brook,0.840596565397
Notre Dame,Syracuse,0.610193740611
Notre Dame,Temple,0.69209435496
Notre Dame,Texas,0.569996311538
Notre Dame,Texas A&M,0.482831036384
Notre Dame,Texas Tech,0.703274408333
Notre Dame,Tulsa,0.720090296286
Notre Dame,UNC Asheville,0.942287177235
Notre Dame,UNC Wilmington,0.786172477827
Notre Dame,USC,0.720460328959
Notre Dame,Utah,0.491875987089
Notre Dame,VA Commonwealth,0.614551242414
Notre Dame,Vanderbilt,0.648151113531
Notre Dame,Villanova,0.285461395924
Notre Dame,Virginia,0.316091603429
Notre Dame,Weber St,0.898074418428
Notre Dame,West Virginia,0.310623521676
Notre Dame,WI Green Bay,0.815658609429
Notre Dame,Wichita St,0.55838283467
Notre Dame,Wisconsin,0.530850567833
Notre Dame,Xavier,0.388038067645
Notre Dame,Yale,0.822348250255
Oklahoma,Oregon,0.450434722716
Oklahoma,Oregon St,0.783948555617
Oklahoma,Pittsburgh,0.607210225121
Oklahoma,Providence,0.614470178573
Oklahoma,Purdue,0.481686637255
Oklahoma,S Dakota St,0.843640864462
Oklahoma,Seton Hall,0.606828235564
Oklahoma,SF Austin,0.740960658952
Oklahoma,Southern Univ,0.980283605371
Oklahoma,St Joseph's PA,0.734232337612
Oklahoma,Stony Brook,0.876987509507
Oklahoma,Syracuse,0.679104609704
Oklahoma,Temple,0.752401616957
Oklahoma,Texas,0.641842343271
Oklahoma,Texas A&M,0.557946080232
Oklahoma,Texas Tech,0.762144478333
Oklahoma,Tulsa,0.776683499143
Oklahoma,UNC Asheville,0.956659667434
Oklahoma,UNC Wilmington,0.832512541736
Oklahoma,USC,0.777001885855
Oklahoma,Utah,0.56685584012
Oklahoma,VA Commonwealth,0.683091857742
Oklahoma,Vanderbilt,0.713502353301
Oklahoma,Villanova,0.350692442086
Oklahoma,Virginia,0.384555037786
Oklahoma,Weber St,0.922552450825
Oklahoma,West Virginia,0.378558168712
Oklahoma,WI Green Bay,0.856772703077
Oklahoma,Wichita St,0.630912810292
Oklahoma,Wisconsin,0.604701209369
Oklahoma,Xavier,0.461567632073
Oklahoma,Yale,0.862222361049
Oregon,Oregon St,0.819113254347
Oregon,Pittsburgh,0.658614242947
Oregon,Providence,0.66544756819
Oregon,Purdue,0.536991822487
Oregon,S Dakota St,0.870692519933
Oregon,Seton Hall,0.658254108625
Oregon,SF Austin,0.781169033724
Oregon,Southern Univ,0.984139186094
Oregon,St Joseph's PA,0.775168191455
Oregon,Stony Brook,0.898960833287
Oregon,Syracuse,0.725355507203
Oregon,Temple,0.791334227771
Oregon,Texas,0.691020341294
Oregon,Texas A&M,0.611674137534
Oregon,Texas Tech,0.799952432202
Oregon,Tulsa,0.812748223448
Oregon,UNC Asheville,0.964969873013
Oregon,UNC Wilmington,0.861172681903
Oregon,USC,0.813027569969
Oregon,Utah,0.620238062605
Oregon,VA Commonwealth,0.728997403224
Oregon,Vanderbilt,0.756572608622
Oregon,Villanova,0.402641100452
Oregon,Virginia,0.438135075806
Oregon,Weber St,0.936971608264
Oregon,West Virginia,0.43188900656
Oregon,WI Green Bay,0.88187054659
Oregon,Wichita St,0.680845296035
Oregon,Wisconsin,0.656247693598
Oregon,Xavier,0.516866368456
Oregon,Yale,0.88649177114
Oregon St,Pittsburgh,0.299145143217
Oregon St,Providence,0.305587375014
Oregon St,Purdue,0.204198262451
Oregon St,S Dakota St,0.598350990363
Oregon St,Seton Hall,0.298809523043
Oregon St,SF Austin,0.441271122693
Oregon St,Southern Univ,0.932100942866
Oregon St,St Joseph's PA,0.432718214997
Oregon St,Stony Brook,0.663121165021
Oregon St,Syracuse,0.368812995255
Oregon St,Temple,0.456234733642
Oregon St,Texas,0.331013876668
Oregon St,Texas A&M,0.258430518953
Oregon St,Texas Tech,0.469413303041
Oregon St,Tulsa,0.48986899385
Oregon St,UNC Asheville,0.859046327979
Oregon St,UNC Wilmington,0.578487465423
Oregon St,USC,0.490327959757
Oregon St,Utah,0.265429240943
Oregon St,VA Commonwealth,0.373096606137
Oregon St,Vanderbilt,0.407449998651
Oregon St,Villanova,0.129772772196
Oregon St,Virginia,0.147137470186
Oregon St,Weber St,0.766843146306
Oregon St,West Virginia,0.143976834928
Oregon St,WI Green Bay,0.622874575428
Oregon St,Wichita St,0.320638802581
Oregon St,Wisconsin,0.296946731582
Oregon St,Xavier,0.191389650087
Oregon St,Yale,0.633415992711
Pittsburgh,Providence,0.516059712495
Pittsburgh,Purdue,0.383393984612
Pittsburgh,S Dakota St,0.783077322882
Pittsburgh,Seton Hall,0.508028886387
Pittsburgh,SF Austin,0.656804620849
Pittsburgh,Southern Univ,0.970815835153
Pittsburgh,St Joseph's PA,0.648926109405
Pittsburgh,Stony Brook,0.826686859082
Pittsburgh,Syracuse,0.586078913298
Pittsburgh,Temple,0.670308644713
Pittsburgh,Texas,0.545248003308
Pittsburgh,Texas A&M,0.457837753343
Pittsburgh,Texas Tech,0.68191617875
Pittsburgh,Tulsa,0.699425151531
Pittsburgh,UNC Asheville,0.936581631329
Pittsburgh,UNC Wilmington,0.768819764409
Pittsburgh,USC,0.699811114394
Pittsburgh,Utah,0.466837137663
Pittsburgh,VA Commonwealth,0.590525088486
Pittsburgh,Vanderbilt,0.624941145017
Pittsburgh,Villanova,0.265440987493
Pittsburgh,Virginia,0.294809312059
Pittsburgh,Weber St,0.888515092723
Pittsburgh,West Virginia,0.289553520387
Pittsburgh,WI Green Bay,0.800090311912
Pittsburgh,Wichita St,0.53351314743
Pittsburgh,Wisconsin,0.505802654558
Pittsburgh,Xavier,0.364493361125
Pittsburgh,Yale,0.807211382448
Providence,Purdue,0.366350952292
Providence,S Dakota St,0.770467726293
Providence,Seton Hall,0.489846882848
Providence,SF Austin,0.640227186027
Providence,Southern Univ,0.968682934123
Providence,St Joseph's PA,0.632181234106
Providence,Stony Brook,0.816016665297
Providence,Syracuse,0.568330469593
Providence,Temple,0.654039916648
Providence,Texas,0.527161279628
Providence,Texas A&M,0.439846070996
Providence,Texas Tech,0.665934770099
Providence,Tulsa,0.683915680583
Providence,UNC Asheville,0.932121686727
Providence,UNC Wilmington,0.755640006572
Providence,USC,0.684312569997
Providence,Utah,0.448784545558
Providence,VA Commonwealth,0.572828336016
Providence,Vanderbilt,0.60774378684
Providence,Villanova,0.251502647975
Providence,Virginia,0.27991649529
Providence,Weber St,0.881103952813
Providence,West Virginia,0.274822737988
Providence,WI Green Bay,0.788202189617
Providence,Wichita St,0.515374531434
Providence,Wisconsin,0.487621355467
Providence,Xavier,0.347816582603
Providence,Yale,0.79563856769
Purdue,S Dakota St,0.855884292078
Purdue,Seton Hall,0.62947063772
Purdue,SF Austin,0.758946959812
Purdue,Southern Univ,0.982055051858
Purdue,St Joseph's PA,0.752529786068
Purdue,Stony Brook,0.886969626619
Purdue,Syracuse,0.699644864692
Purdue,Temple,0.769840277953
Purdue,Texas,0.663586184957
Purdue,Texas A&M,0.581461961361
Purdue,Texas Tech,0.779098403167
Purdue,Tulsa,0.792882733027
Purdue,UNC Asheville,0.960468043794
Purdue,UNC Wilmington,0.845467739112
Purdue,USC,0.793184174078
Purdue,Utah,0.590245833263
Purdue,VA Commonwealth,0.703488326971
Purdue,Vanderbilt,0.732707444077
Purdue,Villanova,0.372840640466
Purdue,Virginia,0.407499674658
Purdue,Weber St,0.929135871512
Purdue,West Virginia,0.401378352128
Purdue,WI Green Bay,0.868148571284
Purdue,Wichita St,0.65296141923
Purdue,Wisconsin,0.627390890668
Purdue,Xavier,0.485482584213
Purdue,Yale,0.873229432993
S Dakota St,Seton Hall,0.223381564515
S Dakota St,SF Austin,0.34771477163
S Dakota St,Southern Univ,0.902588671339
S Dakota St,St Joseph's PA,0.339872161477
S Dakota St,Stony Brook,0.57056087071
S Dakota St,Syracuse,0.2828421503
S Dakota St,Temple,0.361558831288
S Dakota St,Texas,0.25035918229
S Dakota St,Texas A&M,0.190427230367
S Dakota St,Texas Tech,0.373883011132
S Dakota St,Tulsa,0.393261258456
S Dakota St,UNC Asheville,0.804442814646
S Dakota St,UNC Wilmington,0.480877535846
S Dakota St,USC,0.393699565761
S Dakota St,Utah,0.196071242277
S Dakota St,VA Commonwealth,0.286580605828
S Dakota St,Vanderbilt,0.316995994907
S Dakota St,Villanova,0.0914494729475
S Dakota St,Virginia,0.104300801024
S Dakota St,Weber St,0.68943438115
S Dakota St,West Virginia,0.101950337173
S Dakota St,WI Green Bay,0.527141495262
S Dakota St,Wichita St,0.241599131703
S Dakota St,Wisconsin,0.221840227256
S Dakota St,Xavier,0.137750534845
S Dakota St,Yale,0.538375660064
Seton Hall,SF Austin,0.64952880811
Seton Hall,Southern Univ,0.969891962114
Seton Hall,St Joseph's PA,0.641574418581
Seton Hall,Stony Brook,0.822036736701
Seton Hall,Syracuse,0.57826646383
Seton Hall,Temple,0.66317230356
Seton Hall,Texas,0.537273354243
Seton Hall,Texas A&M,0.449876809829
Seton Hall,Texas Tech,0.674909235271
Seton Hall,Tulsa,0.692630054965
Seton Hall,UNC Asheville,0.934646972751
Seton Hall,UNC Wilmington,0.763062022357
Seton Hall,USC,0.693020913669
Seton Hall,Utah,0.458852148634
Seton Hall,VA Commonwealth,0.582736811044
Seton Hall,Vanderbilt,0.617383334684
Seton Hall,Villanova,0.259225907001
Seton Hall,Virginia,0.288176364103
Seton Hall,Weber St,0.885293689353
Seton Hall,West Virginia,0.282991369373
Seton Hall,WI Green Bay,0.794903625603
Seton Hall,Wichita St,0.525511792466
Seton Hall,Wisconsin,0.497773426751
Seton Hall,Xavier,0.357086483546
Seton Hall,Yale,0.802163768929
SF Austin,Southern Univ,0.943908204725
SF Austin,St Joseph's PA,0.48321905227
SF Austin,Stony Brook,0.706999325946
SF Austin,Syracuse,0.417342562357
SF Austin,Temple,0.507027084317
SF Austin,Texas,0.377544753837
SF Austin,Texas A&M,0.29932345444
SF Austin,Texas Tech,0.520269050131
SF Austin,Tulsa,0.540682572607
SF Austin,UNC Asheville,0.881948426271
SF Austin,UNC Wilmington,0.627191671324
SF Austin,USC,0.541138644723
SF Austin,Utah,0.306971198384
SF Austin,VA Commonwealth,0.421813144401
SF Austin,Vanderbilt,0.45737952071
SF Austin,Villanova,0.154550316176
SF Austin,Virginia,0.17456538974
SF Austin,Weber St,0.801260511203
SF Austin,West Virginia,0.170933664355
SF Austin,WI Green Bay,0.669381222263
SF Austin,Wichita St,0.366510263179
SF Austin,Wisconsin,0.341130700885
SF Austin,Xavier,0.224891430991
SF Austin,Yale,0.679292010378
Southern Univ,St Joseph's PA,0.0518122797319
Southern Univ,Stony Brook,0.123583812921
Southern Univ,Syracuse,0.0401764540048
Southern Univ,Temple,0.0566970068127
Southern Univ,Texas,0.0342321268193
Southern Univ,Texas A&M,0.0243565143921
Southern Univ,Texas Tech,0.0595996688346
Southern Univ,Tulsa,0.0643631909088
Southern Univ,UNC Asheville,0.303906411328
Southern Univ,UNC Wilmington,0.0895135879456
Southern Univ,USC,0.064473879574
Southern Univ,Utah,0.0252318161269
Southern Univ,VA Commonwealth,0.0408903632968
Southern Univ,Vanderbilt,0.0469460276366
Southern Univ,Villanova,0.0105698323631
Southern Univ,Virginia,0.0122079242349
Southern Univ,Weber St,0.190681961769
Southern Univ,West Virginia,0.0119052287068
Southern Univ,WI Green Bay,0.105799090929
Southern Univ,Wichita St,0.0327044293836
Southern Univ,Wisconsin,0.0293681699018
Southern Univ,Xavier,0.0166728264789
Southern Univ,Yale,0.110145452449
St Joseph's PA,Stony Brook,0.721245075203
St Joseph's PA,Syracuse,0.434405034699
St Joseph's PA,Temple,0.524455815884
St Joseph's PA,Texas,0.394080623043
St Joseph's PA,Texas A&M,0.314162491822
St Joseph's PA,Texas Tech,0.537656523309
St Joseph's PA,Tulsa,0.557958798331
St Joseph's PA,UNC Asheville,0.889023300773
St Joseph's PA,UNC Wilmington,0.643360318822
St Joseph's PA,USC,0.558411726496
St Joseph's PA,Utah,0.322015130969
St Joseph's PA,VA Commonwealth,0.438920705454
St Joseph's PA,Vanderbilt,0.474745150304
St Joseph's PA,Villanova,0.163890954732
St Joseph's PA,Virginia,0.184851206422
St Joseph's PA,Weber St,0.812141025747
St Joseph's PA,West Virginia,0.181052427956
St Joseph's PA,WI Green Bay,0.684640138492
St Joseph's PA,Wichita St,0.382860103339
St Joseph's PA,Wisconsin,0.356986375649
St Joseph's PA,Xavier,0.237290127318
St Joseph's PA,Yale,0.69430241047
Stony Brook,Syracuse,0.234937993678
Stony Brook,Temple,0.306011432923
Stony Brook,Texas,0.206373415764
Stony Brook,Texas A&M,0.154796667342
Stony Brook,Texas Tech,0.317383463605
Stony Brook,Tulsa,0.335402034348
Stony Brook,UNC Asheville,0.762071246238
Stony Brook,UNC Wilmington,0.419030282291
Stony Brook,USC,0.335811546392
Stony Brook,Utah,0.159592816364
Stony Brook,VA Commonwealth,0.238253629524
Stony Brook,Vanderbilt,0.265448385888
Stony Brook,Villanova,0.0726759771106
Stony Brook,Virginia,0.0831304715738
Stony Brook,Weber St,0.633496882273
Stony Brook,West Virginia,0.081213832796
Stony Brook,WI Green Bay,0.46467011099
Stony Brook,Wichita St,0.198744389605
Stony Brook,Wisconsin,0.181650840887
Stony Brook,Xavier,0.110629358914
Stony Brook,Yale,0.475912875531
Syracuse,Temple,0.592955684231
Syracuse,Texas,0.462099042372
Syracuse,Texas A&M,0.376968799921
Syracuse,Texas Tech,0.605684546855
Syracuse,Tulsa,0.625082641683
Syracuse,UNC Asheville,0.913654783832
Syracuse,UNC Wilmington,0.704386672028
Syracuse,USC,0.625512954126
Syracuse,Utah,0.385508887399
Syracuse,VA Commonwealth,0.508187454919
Syracuse,Vanderbilt,0.544182157597
Syracuse,Villanova,0.205664203851
Syracuse,Virginia,0.230494120915
Syracuse,Weber St,0.850976268207
Syracuse,West Virginia,0.226017435171
Syracuse,WI Green Bay,0.741441668087
Syracuse,Wichita St,0.450381385687
Syracuse,Wisconsin,0.423072736973
Syracuse,Xavier,0.291254729496
Syracuse,Yale,0.749999099918
Temple,Texas,0.365959234897
Temple,Texas A&M,0.289023727138
Temple,Texas Tech,0.507877340628
Temple,Tulsa,0.528340128472
Temple,UNC Asheville,0.876684741437
Temple,UNC Wilmington,0.615520807709
Temple,USC,0.528797775446
Temple,Utah,0.296519678447
Temple,VA Commonwealth,0.409763448698
Temple,Vanderbilt,0.445095954347
Temple,Villanova,0.148178719845
Temple,Virginia,0.167532148999
Temple,Weber St,0.793242534119
Temple,West Virginia,0.164017670948
Temple,WI Green Bay,0.658311578156
Temple,Wichita St,0.355070199129
Temple,Wisconsin,0.330070065898
Temple,Xavier,0.216362035623
Temple,Yale,0.66838980781
Texas,Texas A&M,0.427256954466
Texas,Texas Tech,0.65443480842
Texas,Tulsa,0.672730505168
Texas,UNC Asheville,0.92880538153
Texas,UNC Wilmington,0.746050482647
Texas,USC,0.673134726817
Texas,Utah,0.436138788764
Texas,VA Commonwealth,0.560239802988
Texas,Vanderbilt,0.595457536661
Texas,Villanova,0.241975553186
Texas,Virginia,0.269700893075
Texas,Weber St,0.875627673115
Texas,West Virginia,0.264724691723
Texas,WI Green Bay,0.779517662956
Texas,Wichita St,0.502563160355
Texas,Wisconsin,0.474823937564
Texas,Xavier,0.336280196795
Texas,Yale,0.787176629354
Texas A&M,Texas Tech,0.711345955376
Texas A&M,Tulsa,0.727881409101
Texas A&M,UNC Asheville,0.944371361131
Texas A&M,UNC Wilmington,0.792653866971
Texas A&M,USC,0.728245029124
Texas A&M,Utah,0.501622920588
Texas A&M,VA Commonwealth,0.623745034169
Texas A&M,Vanderbilt,0.656990790072
Texas A&M,Villanova,0.293480500167
Texas A&M,Virginia,0.324580299887
Texas A&M,Weber St,0.901588505153
Texas A&M,West Virginia,0.319033873609
Texas A&M,WI Green Bay,0.821449221789
Texas A&M,Wichita St,0.567974537693
Texas A&M,Wisconsin,0.540548218748
Texas A&M,Xavier,0.397336369436
Texas A&M,Yale,0.827973043955
Texas Tech,Tulsa,0.520470306503
Texas Tech,UNC Asheville,0.873232614254
Texas Tech,UNC Wilmington,0.608026434371
Texas Tech,USC,0.520928665551
Texas Tech,Utah,0.289979946601
Texas Tech,VA Commonwealth,0.402153908489
Texas Tech,Vanderbilt,0.437316418332
Texas Tech,Villanova,0.144239831114
Texas Tech,Virginia,0.163177357285
Texas Tech,Weber St,0.788019316914
Texas Tech,West Virginia,0.15973670435
Texas Tech,WI Green Bay,0.651178607952
Texas Tech,Wichita St,0.347877712343
Texas Tech,Wisconsin,0.323130264506
Texas Tech,Xavier,0.211059776313
Texas Tech,Yale,0.661359001061
Tulsa,UNC Asheville,0.856655123558
Tulsa,UNC Wilmington,0.57369864434
Tulsa,USC,0.485428475659
Tulsa,Utah,0.261623452845
Tulsa,VA Commonwealth,0.368521535673
Tulsa,Vanderbilt,0.402724288075
Tulsa,Villanova,0.127574254326
Tulsa,Virginia,0.144693685677
Tulsa,Weber St,0.763318720327
Tulsa,West Virginia,0.14157683075
Tulsa,WI Green Bay,0.618257262248
Tulsa,Wichita St,0.316382355028
Tulsa,Wisconsin,0.292869210251
Tulsa,Xavier,0.188373223503
Tulsa,Yale,0.628850838498
UNC Asheville,UNC Wilmington,0.178732196423
UNC Asheville,USC,0.132363488369
UNC Asheville,Utah,0.0541940616198
UNC Asheville,VA Commonwealth,0.0862361185398
UNC Asheville,Vanderbilt,0.0983188609197
UNC Asheville,Villanova,0.0231012252759
UNC Asheville,Virginia,0.026629139149
UNC Asheville,Weber St,0.342773872034
UNC Asheville,West Virginia,0.0259782735021
UNC Asheville,WI Green Bay,0.207549416688
UNC Asheville,Wichita St,0.0696313691355
UNC Asheville,Wisconsin,0.0627725611425
UNC Asheville,Xavier,0.0361752677812
UNC Asheville,Yale,0.215070442637
UNC Wilmington,USC,0.402710688979
UNC Wilmington,Utah,0.202066527288
UNC Wilmington,VA Commonwealth,0.294330175602
UNC Wilmington,Vanderbilt,0.325193137975
UNC Wilmington,Villanova,0.0946222552278
UNC Wilmington,Virginia,0.107866516886
UNC Wilmington,Weber St,0.69742813425
UNC Wilmington,West Virginia,0.105445157774
UNC Wilmington,WI Green Bay,0.536504219637
UNC Wilmington,Wichita St,0.248556118378
UNC Wilmington,Wisconsin,0.228399595273
UNC Wilmington,Xavier,0.142278144941
UNC Wilmington,Yale,0.547706800482
USC,Utah,0.280722857652
USC,VA Commonwealth,0.391289316279
USC,Vanderbilt,0.42617905492
USC,Villanova,0.138726213457
USC,Virginia,0.15707271502
USC,Weber St,0.7803367843
USC,West Virginia,0.153737133078
USC,WI Green Bay,0.640797352793
USC,Wichita St,0.337651295082
USC,Wisconsin,0.313281848736
USC,Xavier,0.203599633582
USC,Yale,0.651118397614
Utah,VA Commonwealth,0.632383943391
Utah,Vanderbilt,0.665275999155
Utah,Villanova,0.301207041072
Utah,Virginia,0.332740007197
Utah,Weber St,0.904821496739
Utah,West Virginia,0.327121678592
Utah,WI Green Bay,0.82680919825
Utah,Wichita St,0.577025614945
Utah,Wisconsin,0.549718359827
Utah,Xavier,0.40622505462
Utah,Yale,0.833176951688
VA Commonwealth,Vanderbilt,0.526054824603
VA Commonwealth,Villanova,0.194013613753
VA Commonwealth,Virginia,0.217822662902
VA Commonwealth,Weber St,0.841496033458
VA Commonwealth,West Virginia,0.213523793717
VA Commonwealth,WI Green Bay,0.727226891099
VA Commonwealth,Wichita St,0.432414481713
VA Commonwealth,Wisconsin,0.405391709118
VA Commonwealth,Xavier,0.276442948763
VA Commonwealth,Yale,0.736087326481
Vanderbilt,Villanova,0.187916966874
Vanderbilt,Virginia,0.211173870851
Vanderbilt,Weber St,0.836161119185
Vanderbilt,West Virginia,0.206971498258
Vanderbilt,WI Green Bay,0.719328724369
Vanderbilt,Wichita St,0.422755792025
Vanderbilt,Wisconsin,0.395915581616
Vanderbilt,Xavier,0.268619335198
Vanderbilt,Yale,0.728349880315
Villanova,Virginia,0.534927439772
Villanova,Weber St,0.956384172482
Villanova,West Virginia,0.528599674913
Villanova,WI Green Bay,0.916746138181
Villanova,Wichita St,0.758840130258
Villanova,Wisconsin,0.737939960797
Villanova,Xavier,0.612103532815
Villanova,Yale,0.920126600839
Virginia,Weber St,0.951548526927
Virginia,West Virginia,0.501078014735
Virginia,WI Green Bay,0.907938886497
Virginia,Wichita St,0.738100549567
Virginia,Wisconsin,0.716075487918
Virginia,Xavier,0.585635444195
Virginia,Yale,0.911642493979
Weber St,West Virginia,0.0495885481039
Weber St,WI Green Bay,0.338782907569
Weber St,Wichita St,0.127713579942
Weber St,Wisconsin,0.115845957212
Weber St,Xavier,0.0684022240976
Weber St,Yale,0.348965315788
West Virginia,WI Green Bay,0.895300007974
West Virginia,Wichita St,0.709602606342
West Virginia,Wisconsin,0.686199846872
West Virginia,Xavier,0.550647380782
West Virginia,Yale,0.899455769608
WI Green Bay,Wichita St,0.212404258134
WI Green Bay,Wisconsin,0.194420928296
WI Green Bay,Xavier,0.119133467322
WI Green Bay,Yale,0.496810979852
Wichita St,Wisconsin,0.460382038335
Wichita St,Xavier,0.323456828493
Wichita St,Yale,0.777295502199
Wisconsin,Xavier,0.364202360178
Wisconsin,Yale,0.807015770686
Xavier,Yale,0.873374907377
